CNTR_ID,CNTR_NAME,NAME_ASCI,NAME_ENGL,NAME_FREN,POLI_ORG_C,NAME_GAUL,ISO3_CODE,SVRG_UN,CAPT,CENT_MERI,LAT_ORIG,EFTA_TERR,CC_TERR,CNTR_CODE_,EU_TERR
XI,KURIL ISLANDS (disputed territory),KURIL ISLANDS (disputed territory),KURIL ISLANDS (disputed territory),,99,Kuril islands,XI,Sovereignty unsettled,,147.10000610,44.50000000,,,UA,
XJ,LIANCOURT ROCK (disputed territory),LIANCOURT ROCK (disputed territory),LIANCOURT ROCK (disputed territory),,99,Liancourt Rock,XJ,Sovereignty unsettled,,131.89999390,37.20000076,,,UA,
XK,Kosovo,Kosovo,Kosovo,,99,Kosovo,XK,Sovereignty unsettled,,33.59999847,21.89999962,,,UA,
XL,NAVASSA ISLAND (disputed territory),NAVASSA ISLAND (disputed territory),NAVASSA ISLAND (disputed territory),,99,Navassa Island,XL,US Territory,,-75.00000000,18.39999962,,,UA,
XM,SCARBOROUGH REEF (disputed territory),SCARBOROUGH REEF (disputed territory),SCARBOROUGH REEF (disputed territory),,99,Scarborough Reef,XM,Sovereignty unsettled,,117.80000305,15.10000038,,,UA,
XN,SENKAKU ISLANDS (disputed territory),SENKAKU ISLANDS (disputed territory),SENKAKU ISLANDS (disputed territory),,99,Senkaku Islands,XN,Sovereignty unsettled,,123.59999847,25.79999924,,,UA,
XO,"FR Territory (Juan de Nova, Glorioso, Europa, Tromelin, Bassas da India)","FR Territory (Juan de Nova, Glorioso, Europa, Tromelin, Bassas da India)","FR Territory (Juan de Nova, Glorioso, Europa, Tromelin, Bassas da India)",,99,Bassas da India,XO,FR Territory,,47.09999847,-17.00000000,,,UA,
XP,China / Philippines / Viet Nam / Taiwan / Malaysia (disputed territory),,,,99,,XP,Sovereignty unsettled,,0.00000000,0.00000000,,,UA,
XQ,China / Taiwan / Viet Nam (disputed territory),,,,99,,XQ,Sovereignty unsettled,,0.00000000,0.00000000,,,UA,
XR,China / Taiwan / Japan (disputed territory),,,,99,,XR,Sovereignty unsettled,,0.00000000,0.00000000,,,UA,
XS,Japan / South Korea (disputed territory),,,,99,,XS,Sovereignty unsettled,,0.00000000,0.00000000,,,UA,
XT,Russia / Japan (disputed territory),,,,99,,XT,Sovereignty unsettled,,0.00000000,0.00000000,,,UA,
XU,Abyei Region (disputed territory),,,,99,,XU,,,0.00000000,0.00000000,,,UA,
XV,BIR TAWIL (disputed territory),BIR TAWIL (disputed territory),BIR TAWIL (disputed territory),,99,BIR TAWIL (disputed territory),XV,Sovereignty unsettled,,33.59999847,21.89999962,,,UA,
XW,,,,,99,,XW,,,0.00000000,0.00000000,,,UA,
XX,,,,,99,,XX,,,0.00000000,0.00000000,,,UA,
XY,,,,,99,,XY,,,0.00000000,0.00000000,,,UA,
XZ,,,,,99,,XZ,,,0.00000000,0.00000000,,,UA,
YE,AL JUMHURIYAH AL YAMANIYAH,AL JUMHURIYAH AL YAMANIYAH,YEMEN,Y?MEN,4,Yemen,YEM,UN Member State,Sanaa,48.20000076,15.60000038,,,OA,
YT,TERRITORIAL COLLECTIVITY OF MAYOTTE,TERRITORIAL COLLECTIVITY OF MAYOTTE,MAYOTTE,MAYOTTE,4,Mayotte,MYT,FR Territory,Mamoudzou,45.20000076,-12.80000019,,,OA,Y
YU,,,YUGOSLAVIA,,4,Yugoslavia,YUG,,,0.00000000,0.00000000,,,TR,
YV,REP?BLICA BOLIVARIANA DE VENEZUELA,REPUBLICA BOLIVARIANA DE VENEZUELA,VENEZUELA,,4,,,,,0.00000000,0.00000000,,,IR,
ZA,REPUBLIC OF SOUTH AFRICA,REPUBLIC OF SOUTH AFRICA,SOUTH AFRICA,AFRIQUE DU SUD,4,South Africa,ZAF,UN Member State,Pretoria (Adm.),27.20000076,-34.59999847,,,OA,
ZM,REPUBLIC OF ZAMBIA,REPUBLIC OF ZAMBIA,ZAMBIA,ZAMBIE,4,Zambia,ZMB,UN Member State,Lusaka,27.89999962,-13.19999981,,,OA,
ZR,,,ZAIRE,,4,Zaire,ZAR,,,0.00000000,0.00000000,,,TR,
ZW,REPUBLIC OF ZIMBABWE,REPUBLIC OF ZIMBABWE,ZIMBABWE,ZIMBABWE,4,Zimbabwe,ZWE,UN Member State,Harare,29.10000038,-19.00000000,,,OA,
ZZ,,,,,99,,,,,0.00000000,0.00000000,,,UA,
RS,????????? ??????,REPUBLIKA SRBIJA,REPUBLIC OF SERBIA,R?PUBLIQUE DE SERBIE,4,Serbia,SRB,UN Member State,Belgrade,20.89999962,44.00000000,,Y,OA,
ME,???? ????,CRNA GORA,REPUBLIC OF MONTENEGRO,R?PUBLIQUE DU MONT?N?GRO,4,Montenegro,MNE,UN Member State,Podgorica,19.39999962,42.70000076,,Y,OA,
MF,SAINT-MARTIN,SAINT-MARTIN,SAINT MARTIN (FRENCH PART),SAINT-MARTIN (PARTIE FRANÃAISE),0,,,FR Territory,,0.00000000,0.00000000,,,OA,Y
EL,??????,ELLADA,GREECE,GR?CE,1,Greece,GRC,UN Member State,Athens,24.50000000,38.29999900,,,OA,Y
BL,TERRITORIAL COLLECTIVITY OF SAINT BARTH?LEMY,TERRITORIAL COLLECTIVITY OF SAINT BARTH?LEMY,ST. BART'S,SAINT BARTH?LEMY,99,SAINT BARTHELEMY,BLM,FR Territory,Gustavia,-62.80000000,17.80000000,,,OA,
SS,REPUBLIC OF SOUTH SUDAN,REPUBLIC OF SOUTH SUDAN,REPUBLIC OF SOUTH SUDAN,SOUDAN DU SUD,4,South Sudan,SSD,UN Member State,Juba,30.30000000,7.20000000,,,SS,
LR,REPUBLIC OF LIBERIA,REPUBLIC OF LIBERIA,LIBERIA,LIB?RIA,4,Liberia,LBR,UN Member State,Monrovia,-9.39999962,6.50000000,,,OA,
LS,KINGDOM OF LESOTHO,KINGDOM OF LESOTHO,LESOTHO,LESOTHO,4,Lesotho,LSO,UN Member State,Maseru,28.20000076,-29.60000038,,,OA,
LT,LIETUVOS RESPUBLIKA,LIETUVOS RESPUBLIKA,LITHUANIA,LITUANIE,3,Lithuania,LTU,UN Member State,Vilnius,23.89999962,55.20000076,,,OA,Y
LU,GRAND DUCH? DE LUXEMBOURG,GRAND DUCHE DE LUXEMBOURG,LUXEMBOURG,LUXEMBOURG,1,Luxembourg,LUX,UN Member State,Luxembourg,6.09999990,49.79999924,,,OA,Y
LV,LATVIJAS REPUBLIKA,LATVIJAS REPUBLIKA,LATVIA,LETTONIE,3,Latvia,LVA,UN Member State,Riga,24.60000038,56.90000153,,,OA,Y
LY,AL JUMAHIRIYAH AL ARABIYAH AL LIBIYAH ASH SHABIYAH AL ISHTIRAKIYAH AL UZMA,AL JUMAHIRIYAH AL ARABIYAH AL LIBIYAH ASH SHABIYAH AL ISHTIRAKIYAH AL UZMA,LIBYAN ARAB JAMAHIRIYA,LIBYENNE JAMAHIRIYA ARABE,4,Libya,LBY,UN Member State,Tripoli,17.29999924,26.29999924,,,OA,
MA,AL MAMLAKAH AL MAGHRIBIYAH,AL MAMLAKAH AL MAGHRIBIYAH,MOROCCO,MAROC,4,Morocco,MAR,UN Member State,Rabat,-7.09999990,31.79999924,,,OA,
MC,PRINCIPAUTE DE MONACO,PRINCIPAUTE DE MONACO,MONACO,MONACO,4,Monaco,MCO,UN Member State,Monaco,7.40000010,43.70000076,,,OA,
MD,REPUBLICA MOLDOVA,REPUBLICA MOLDOVA,REPUBLIC OF MOLDOVA,MOLDOVA R?PUBLIQUE DE,4,Moldova,MDA,UN Member State,Chisinau,28.39999962,47.00000000,,,OA,
MG,,,MADAGASCAR,MADAGASCAR,4,Madagascar,MDG,UN Member State,Antananarivo,46.79999924,-18.79999924,,,OA,
MH,REPUBLIC OF THE MARSHALL ISLANDS,REPUBLIC OF THE MARSHALL ISLANDS,MARSHALL ISLANDS,MARSHALL ?LES,4,Marshall Islands,MHL,UN Member State,Majuro,168.69999695,9.60000038,,,OA,
MK,????????? ??????????,REPUBLIKA MAKEDONIJA,MACEDONIA THE FORMER YUGOSLAV REPUBLIC OF,MAC?DOINE L'EX-R?PUBLIQUE YOUGOSLAVE DE,4,The former Yugoslav Republic of Macedonia,MKD,UN Member State,Skopje,21.70000076,41.59999847,,Y,OA,
ML,R?PUBLIQUE DE MALI,REPUBLIQUE DE MALI,MALI,MALI,4,Mali,MLI,UN Member State,Bamako,-4.00000000,17.60000038,,,OA,
MM,,,MYANMAR,MYANMAR,4,Myanmar,MMR,UN Member State,Yangon,96.69999695,19.10000038,,,OA,
MN,MONGOL ULS,MONGOL ULS,MONGOLIA,MONGOLIE,4,Mongolia,MNG,UN Member State,Ulaanbaatar,103.80000305,46.90000153,,,OA,
MO,"AOMEN TEBIE XINGZHENGQU (CHINESE), REGIAO ADMINISTRATIVA ESPECIAL DE MACAU (PORTUGUESE)","AOMEN TEBIE XINGZHENGQU (CHINESE), REGIAO ADMINISTRATIVA ESPECIAL DE MACAU (PORTUGUESE)",MACAO,MACAO,4,Macau,MAC,CN Special Administrative Region,Macau,113.59999847,22.20000076,,,OA,
MP,COMMONWEALTH OF THE NORTHERN MARIANA ISLANDS,COMMONWEALTH OF THE NORTHERN MARIANA ISLANDS,NORTHERN MARIANA ISLANDS,MARIANNES DU NORD ?LES,4,Northern Mariana Islands,MNP,US Territory,Saipan,145.50000000,17.29999924,,,OA,
MQ,D?PARTEMENT DE LA MARTINIQUE,DEPARTEMENT DE LA MARTINIQUE,MARTINIQUE,MARTINIQUE,4,Martinique,MTQ,FR Territory,Fort-de-France,0.00000000,0.00000000,,,OA,Y
MR,AL JUMHURIYAH AL ISLAMIYAH AL MURITANIYAH,AL JUMHURIYAH AL ISLAMIYAH AL MURITANIYAH,MAURITANIA,MAURITANIE,4,Mauritania,MRT,UN Member State,Nouakchott,-10.89999962,21.00000000,,,OA,
MS,MONTSERRAT,MONTSERRAT,MONTSERRAT,MONTSERRAT,4,Montserrat,MSR,UK Non-Self-Governing Territory,Plymouth,-62.20000076,16.70000076,,,OA,
HR,REPUBLIKA HRVATSKA,REPUBLIKA HRVATSKA,CROATIA,CROATIE,4,Croatia,HRV,UN Member State,Zagreb,16.50000000,44.50000000,,,OA,Y
HT,,,HAITI,HA¤TI,4,Haiti,HTI,UN Member State,Port-au-Prince,-73.00000000,19.10000038,,,OA,
HU,MAGYAR KÍZT?RSAS?G,MAGYAR KOZTARSASAG,HUNGARY,HONGRIE,3,Hungary,HUN,UN Member State,Budapest,19.50000000,47.20000076,,,OA,Y
IB,,,INTERNATIONAL BUREAU OF WIPO,,99,,,,,0.00000000,0.00000000,,,NU,
IC,,,CANARY ISLANDS,,1,,,,,0.00000000,0.00000000,,,ER,Y
ID,,,INDONESIA,INDON?SIE,4,Indonesia,IDN,UN Member State,Jakarta,118.00000000,-2.59999990,,,OA,
IE,IRELAND,IRELAND,IRELAND,IRLANDE,1,Ireland,IRL,UN Member State,Dublin,-8.30000019,53.40000153,,,OA,Y
IL,MEDINAT YISRA'EL,MEDINAT YISRA'EL,ISRAEL,ISRA?L,4,Israel,ISR,UN Member State,,35.00000000,31.39999962,,,OA,
IM,ISLE OF MAN,ISLE OF MAN,ISLE OF MAN,,4,Isle of Man,IMN,UK territory,,-4.59999990,54.20000076,,,OA,
IN,REPUBLIC OF INDIA,REPUBLIC OF INDIA,INDIA,INDE,4,India,IND,UN Member State,New Delhi,82.69999695,20.00000000,,,OA,
IO,BRITISH INDIAN OCEAN TERRITORY,BRITISH INDIAN OCEAN TERRITORY,BRITISH INDIAN OCEAN TERRITORY,OC?AN INDIEN TERRITOIRE BRITANNIQUE DE L',4,British Indian Ocean Territory,IOT,UK Territory,,71.90000153,-6.30000019,,,OA,
IQ,AL JUMHURIYAH AL IRAQIYAH,AL JUMHURIYAH AL IRAQIYAH,IRAQ,IRAQ,4,Iraq,IRQ,UN Member State,Baghdad,43.70000076,33.20000076,,,OA,
IR,JOMHURI-YE ESLAMI-YE IRAN,JOMHURI-YE ESLAMI-YE IRAN,IRAN ISLAMIC REPUBLIC OF,IRAN R?PUBLIQUE ISLAMIQUE D',4,Iran  (Islamic Republic of),IRN,UN Member State,Tehran,53.70000076,32.40000153,,,OA,
IS,LYDHVELDIDH ISLAND,LYDHVELDIDH ISLAND,ICELAND,ISLANDE,2,Iceland,ISL,UN Member State,ReykjavÝk,-19.00000000,64.90000153,Y,Y,OA,
IT,REPUBBLICA ITALIANA,REPUBBLICA ITALIANA,ITALY,ITALIE,1,Italy,ITA,UN Member State,Rome,12.60000038,41.29999924,,,OA,Y
JA,JAMAICA,JAMAICA,JAMAICA,,4,,,,,0.00000000,0.00000000,,,IR,
JE,BAILIWICK OF JERSEY,BAILIWICK OF JERSEY,JERSEY,,4,Jersey,JEY,UK Territory,St. Helier,-2.09999990,49.20000076,,,OA,
JM,,,JAMAICA,JAMA¤QUE,4,Jamaica,JAM,UN Member State,Kingston,-77.30000305,18.10000038,,,OA,
JO,AL MAMLAKAH AL URDUNIYAH AL HASHIMIYAH,AL MAMLAKAH AL URDUNIYAH AL HASHIMIYAH,JORDAN,JORDANIE,4,Jordan,JOR,UN Member State,Amman,37.09999847,31.29999924,,,OA,
JP,JAPAN,JAPAN,JAPAN,JAPON,4,Japan,JPN,UN Member State,Tokyo,138.50000000,34.79999924,,,OA,
KE,REPUBLIC OF KENYA,REPUBLIC OF KENYA,KENYA,KENYA,4,Kenya,KEN,UN Member State,Nairobi,37.90000153,0.00000000,,,OA,
KG,KYRGYZ RESPUBLIKASY,KYRGYZ RESPUBLIKASY,KYRGYZSTAN,KIRGHIZISTAN,4,Kyrgyzstan,KGZ,UN Member State,Bishkek,74.80000305,41.20000076,,,OA,
KH,PREAHREACHEANACHAKR KAMPUCHEA,PREAHREACHEANACHAKR KAMPUCHEA,CAMBODIA,CAMBODGE,4,Cambodia,KHM,UN Member State,Phnom Penh,105.00000000,12.30000019,,,OA,
KI,REPUBLIC OF KIRIBATI,REPUBLIC OF KIRIBATI,KIRIBATI,KIRIBATI,4,Kiribati,KIR,UN Member State,Tarawa,1.20000005,-3.40000010,,,OA,
KM,UNION DES COMORES,UNION DES COMORES,COMOROS,COMORES,4,Comoros,COM,UN Member State,Moroni,43.90000153,-11.89999962,,,OA,
KN,FEDERATION OF SAINT KITTS AND NEVIS,FEDERATION OF SAINT KITTS AND NEVIS,SAINT KITTS AND NEVIS,SAINT-KITTS-ET-NEVIS,4,Saint Kitts and Nevis,KNA,UN Member State,Basseterre,-62.70000076,17.29999924,,,OA,
KP,CHOSON-MINJUJUUI-INMIN-KONGHWAGUK,CHOSON-MINJUJUUI-INMIN-KONGHWAGUK,KOREA DEMOCRATIC PEOPLE'S REPUBLIC OF,COR?E R?PUBLIQUE POPULAIRE D?MOCRATIQUE DE,4,Dem People's Rep of Korea,PRK,UN Member State,Pyongyang,127.50000000,40.29999924,,,OA,
KR,TAEHAN-MIN'GUK,TAEHAN-MIN'GUK,KOREA REPUBLIC OF,COR?E R?PUBLIQUE DE,4,Republic of Korea,KOR,UN Member State,Seoul,127.80000305,35.90000153,,,OA,
KW,DAWLAT AL KUWAYT,DAWLAT AL KUWAYT,KUWAIT,KOWE¤T,4,Kuwait,KWT,UN Member State,Kuwait,47.50000000,29.29999924,,,OA,
KY,CAYMAN ISLANDS,CAYMAN ISLANDS,CAYMAN ISLANDS,CA¤MANES ?LES,4,Cayman Islands,CYM,UK Non-Self-Governing Territory,George Town,-80.59999847,19.50000000,,,OA,
KZ,QAZAQSTAN RESPUBLIKASY,QAZAQSTAN RESPUBLIKASY,KAZAKHSTAN,KAZAKHSTAN,4,Kazakhstan,KAZ,UN Member State,Astana,66.90000153,48.00000000,,,OA,
LA,SATHALANALAT PAXATHIPATAI PAXAXON LAO,SATHALANALAT PAXATHIPATAI PAXAXON LAO,LAO PEOPLE'S DEMOCRATIC REPUBLIC,LAO R?PUBLIQUE D?MOCRATIQUE POPULAIRE,4,Lao People's Democratic Republic,LAO,UN Member State,Vientiane,103.90000153,18.20000076,,,OA,
LB,LEBANON,LEBANON,LEBANON,LIBAN,4,Lebanon,LBN,UN Member State,Beirut,35.90000153,33.90000153,,,OA,
LC,,,SAINT LUCIA,SAINTE-LUCIE,4,Saint Lucia,LCA,UN Member State,Castries,-61.00000000,13.89999962,,,OA,
LF,,,LIBYA FEZZAN,,4,,,,,0.00000000,0.00000000,,,IR,
LI,F?RSTENTUM LIECHTENSTEIN,FURSTENTUM LIECHTENSTEIN,LIECHTENSTEIN,LIECHTENSTEIN,2,Liechtenstein,LIE,UN Member State,Vaduz,9.60000038,47.20000076,Y,,OA,
LK,DEMOCRATIC SOCIALIST REPUBLIC OF SRI LANKA,DEMOCRATIC SOCIALIST REPUBLIC OF SRI LANKA,SRI LANKA,SRI LANKA,4,Sri Lanka,LKA,UN Member State,Sri Jayewardenepura Kotte,80.69999695,7.90000010,,,OA,
MT,REPUBBLIKA TA' MALTA,REPUBBLIKA TA' MALTA,MALTA,MALTE,3,Malta,MLT,UN Member State,Valletta,14.39999962,35.90000153,,,OA,Y
MU,REPUBLIC OF MAURITIUS,REPUBLIC OF MAURITIUS,MAURITIUS,MAURICE,4,Mauritius,MUS,UN Member State,Port Louis,60.00000000,-15.39999962,,,OA,
MV,DHIVEHI RAAJJEYGE JUMHOORIYYAA,DHIVEHI RAAJJEYGE JUMHOORIYYAA,MALDIVES,MALDIVES,4,Maldives,MDV,UN Member State,Male,73.19999695,3.20000005,,,OA,
MW,REPUBLIC OF MALAWI,REPUBLIC OF MALAWI,MALAWI,MALAWI,4,Malawi,MWI,UN Member State,Lilongwe,34.29999924,-13.19999981,,,OA,
MX,ESTADOS UNIDOS MEXICANOS,ESTADOS UNIDOS MEXICANOS,MEXICO,MEXIQUE,4,Mexico,MEX,UN Member State,MÚxico,-102.59999847,23.60000038,,,OA,
MY,MALAYSIA,MALAYSIA,MALAYSIA,MALAISIE,4,Malaysia,MYS,UN Member State,Kuala Lumpur,109.09999847,4.09999990,,,OA,
MZ,REP?BLICA DE MOÃAMBIQUE,REPUBLICA DE MOCAMBIQUE,MOZAMBIQUE,MOZAMBIQUE,4,Mozambique,MOZ,UN Member State,Maputo,35.50000000,-18.70000076,,,OA,
NA,REPUBLIC OF NAMIBIA,REPUBLIC OF NAMIBIA,NAMIBIA,NAMIBIE,4,Namibia,NAM,UN Member State,Windhoek,18.50000000,-23.00000000,,,OA,
NC,TERRITOIRE DES NOUVELLE-CALEDONIE ET DEPENDANCES,TERRITOIRE DES NOUVELLE-CALEDONIE ET DEPENDANCES,NEW CALEDONIA,NOUVELLE-CAL?DONIE,4,New Caledonia,NCL,FR Non-Self-Governing Territory,NoumÚa,165.10000610,-20.89999962,,,OA,
NE,,,NIGER,NIGER,4,Niger,NER,UN Member State,Niamey,8.10000038,17.60000038,,,OA,
NF,TERRITORY OF NORFOLK ISLAND,TERRITORY OF NORFOLK ISLAND,NORFOLK ISLAND,NORFOLK ?LE,4,Norfolk Island,NFK,AU Territory,Kingston,168.00000000,-29.10000038,,,OA,
NG,FEDERAL REPUBLIC OF NIGERIA,FEDERAL REPUBLIC OF NIGERIA,NIGERIA,NIG?RIA,4,Nigeria,NGA,UN Member State,Abuja,8.69999981,9.10000038,,,OA,
NI,REP?BLICA DE NICARAGUA,REPUBLICA DE NICARAGUA,NICARAGUA,NICARAGUA,4,Nicaragua,NIC,UN Member State,Managua,-85.09999847,12.89999962,,,OA,
NL,KONINKRIJK DER NEDERLANDEN,KONINKRIJK DER NEDERLANDEN,NETHERLANDS,PAYS-BAS,1,Netherlands,NLD,UN Member State,Amsterdam,5.30000019,52.20000076,,,OA,Y
AD,PRINCIPAT D'ANDORRA,PRINCIPAT D'ANDORRA,ANDORRA,ANDORRE,4,Andorra,AND,UN Member State,Andorra la Vella,1.60000002,42.50000000,,,OA,
AE,AL IMARAT AL ARABIYAH AL MUTTAHIDAH,AL IMARAT AL ARABIYAH AL MUTTAHIDAH,UNITED ARAB EMIRATES,?MIRATS ARABES UNIS,4,United Arab Emirates,ARE,UN Member State,Abu Dhabi,54.00000000,24.39999962,,,OA,
AF,DOWLAT-E ESLAMI-YE AFGHANESTAN,DOWLAT-E ESLAMI-YE AFGHANESTAN,AFGHANISTAN,AFGHANISTAN,4,Afghanistan,AFG,UN Member State,Kabul,67.69999695,33.90000153,,,OA,
AG,ANTIGUA AND BARBUDA,ANTIGUA AND BARBUDA,ANTIGUA AND BARBUDA,ANTIGUA-ET-BARBUDA,4,Antigua and Barbuda,ATG,UN Member State,St John's,-62.00000000,17.29999924,,,OA,
AI,ANGUILLA,ANGUILLA,ANGUILLA,ANGUILLA,4,Anguilla,AIA,UK Non-Self-Governing Territory,The Valley,-63.20000076,18.39999962,,,OA,
AL,REPUBLIKA E SHQIPERISE,REPUBLIKA E SHQIPERISE,ALBANIA,ALBANIE,4,Albania,ALB,UN Member State,Tirana,20.20000076,41.20000076,,Y,OA,
AM,HAYASTANI HANRAPETUTYUN,HAYASTANI HANRAPETUTYUN,ARMENIA,ARM?NIE,4,Armenia,ARM,UN Member State,Yerevan,45.40000153,40.09999847,,,OA,
AN,NEDERLANDSE ANTILLEN,NEDERLANDSE ANTILLEN,NETHERLANDS ANTILLES,ANTILLES N?ERLANDAISES,4,Netherlands Antilles,ANT,NL Territory,Willemstad,-66.09999847,15.00000000,,,OA,
AO,REP?BLICA DE ANGOLA,REPUBLICA DE ANGOLA,ANGOLA,ANGOLA,4,Angola,AGO,UN Member State,Luanda,17.89999962,-11.19999981,,,OA,
AP,,,AFRICAN REGIONAL INDUSTRIAL PROPERTY ORGANIZATION,,99,,,,,0.00000000,0.00000000,,,NU,
AQ,ANTARCTICA,ANTARCTICA,ANTARCTICA,ANTARCTIQUE,4,Antarctica,ATA,,,0.00000000,-75.19999695,,,OA,
AR,,,ARGENTINA,ARGENTINE,4,Argentina,ARG,UN Member State,Buenos Aires,-63.59999847,-38.40000153,,,OA,
AS,TERRITORY OF AMERICAN SAMOA,TERRITORY OF AMERICAN SAMOA,AMERICAN SAMOA,SAMOA AM?RICAINES,4,American Samoa,ASM,US Non-Self-Governing Territory,Pago Pago,-170.30000305,-12.69999981,,,OA,
AT,REPUBLIK ÍSTERREICH,REPUBLIK OSTERREICH,AUSTRIA,AUTRICHE,1,Austria,AUT,UN Member State,Vienna,13.30000019,47.70000076,,,OA,Y
AU,COMMONWEALTH OF AUSTRALIA,COMMONWEALTH OF AUSTRALIA,AUSTRALIA,AUSTRALIE,4,Australia,AUS,UN Member State,Canberra,136.00000000,-32.00000000,,,OA,
AW,ARUBA,ARUBA,ARUBA,ARUBA,4,Aruba,ABW,NL Self-Governing Territory,Oranjestad,-70.00000000,12.50000000,,,OA,
AX,,,?LAND,,1,?land Islands,ALA,,,0.00000000,0.00000000,,,OA,Y
AZ,AZARBAYCAN RESPUBLIKASI,AZARBAYCAN RESPUBLIKASI,AZERBAIJAN,AZERBA¤DJAN,4,Azerbaijan,AZE,UN Member State,Baku,47.70000076,40.20000076,,,OA,
BA,BOSNA I HERCEGOVINA,BOSNA I HERCEGOVINA,BOSNIA AND HERZEGOVINA,BOSNIE-HERZ?GOVINE,4,Bosnia and Herzegovina,BIH,UN Member State,Sarajevo,17.70000076,43.90000153,,,OA,
BB,BARBADOS,BARBADOS,BARBADOS,BARBADE,4,Barbados,BRB,UN Member State,Bridgetown,-59.50000000,13.19999981,,,OA,
BD,PEOPLE'S REPUBLIC OF BANGLADESH,PEOPLE'S REPUBLIC OF BANGLADESH,BANGLADESH,BANGLADESH,4,Bangladesh,BGD,UN Member State,Dhaka,90.40000153,23.60000038,,,OA,
BE,ROYAUME DE BELGIQUE/KONINKRIJK BELGI?,ROYAUME DE BELGIQUE/KONINKRIJK BELGIE,BELGIUM,BELGIQUE,1,Belgium,BEL,UN Member State,Brussels,4.50000000,50.50000000,,,OA,Y
BF,BURKINA FASO,BURKINA FASO,BURKINA FASO,BURKINA FASO,4,Burkina Faso,BFA,UN Member State,Ouagadougou,-1.60000002,12.19999981,,,OA,
BG,????????? ????????,REPUBLIKA BULGARIA,BULGARIA,BULGARIE,3,Bulgaria,BGR,UN Member State,Sofia,25.50000000,42.70000076,,,OA,Y
BH,MAMLAKAT AL BAHRAYN,MAMLAKAT AL BAHRAYN,BAHRAIN,BAHRE¤N,4,Bahrain,BHR,UN Member State,Manama,50.59999847,25.89999962,,,OA,
BI,REPUBLIKA Y'U BURUNDI,REPUBLIKA Y'U BURUNDI,BURUNDI,BURUNDI,4,Burundi,BDI,UN Member State,Bujumbura,29.89999962,-3.40000010,,,OA,
BJ,,,BENIN,B?NIN,4,Benin,BEN,UN Member State,Porto-Novo (constitutional),2.29999995,9.30000019,,,OA,
BM,BERMUDA,BERMUDA,BERMUDA,BERMUDES,4,Bermuda,BMU,UK Non-Self-Governing Territory,Hamilton,-64.80000305,32.29999924,,,OA,
BN,NEGARA BRUNEI DARUSSALAM,NEGARA BRUNEI DARUSSALAM,BRUNEI DARUSSALAM,BRUN?I DARUSSALAM,4,Brunei Darussalam,BRN,UN Member State,Bandar Seri Begawan,114.69999695,4.50000000,,,OA,
BO,,,BOLIVIA,BOLIVIE,4,Bolivia,BOL,UN Member State,La Paz  (adm.),-63.50000000,-16.29999924,,,OA,
BR,REP?BLICA FEDERATIVA DO BRASIL,REPUBLICA FEDERATIVA DO BRASIL,BRAZIL,BR?SIL,4,Brazil,BRA,UN Member State,BrasÝlia,-51.40000153,-14.19999981,,,OA,
BS,COMMONWEALTH OF THE BAHAMAS,COMMONWEALTH OF THE BAHAMAS,BAHAMAS,BAHAMAS,4,Bahamas,BHS,UN Member State,Nassau,-76.59999847,24.10000038,,,OA,
BT,KINGDOM OF BHUTAN,KINGDOM OF BHUTAN,BHUTAN,BHOUTAN,4,Bhutan,BTN,UN Member State,Thimphu,90.40000153,27.50000000,,,OA,
BU,PYIDAUNGZU MYANMA NAINGNGANDAW,PYIDAUNGZU MYANMA NAINGNGANDAW,BURMA,,4,Burma,BUR,,,0.00000000,0.00000000,,,TR,
BV,BOUVET ISLAND,BOUVET ISLAND,BOUVET ISLAND,BOUVET ?LE,4,Bouvet Island,BVT,NO Territory,,3.40000010,-54.40000153,,,OA,
BW,REPUBLIC OF BOTSWANA,REPUBLIC OF BOTSWANA,BOTSWANA,BOTSWANA,4,Botswana,BWA,UN Member State,Gaborone,24.70000076,-22.29999924,,,OA,
BX,,,BENELUX TRADEMARKS AND DESIGNS OFFICE,,99,,,,,0.00000000,0.00000000,,,NU,
BY,RESPUBLIKA BYELARUS',RESPUBLIKA BYELARUS',BELARUS,B?LARUS,4,Belarus,BLR,UN Member State,Minsk,28.00000000,53.70000076,,,OA,
BZ,BELIZE,BELIZE,BELIZE,BELIZE,4,Belize,BLZ,UN Member State,Belmopan,-88.30000305,17.20000076,,,OA,
CA,CANADA,CANADA,CANADA,CANADA,4,Canada,CAN,UN Member State,Ottawa,-96.80000305,62.40000153,,,OA,
CC,TERRITORY OF COCOS (KEELING) ISLANDS,TERRITORY OF COCOS (KEELING) ISLANDS,COCOS KEELING ISLANDS,COCOS KEELING ?LES,4,Cocos (Keeling) Islands,CCK,AU Territory,West Island,96.90000153,-12.00000000,,,OA,
CD,R?PUBLIQUE DEMOCRATIQUE DU CONGO,REPUBLIQUE DEMOCRATIQUE DU CONGO,CONGO THE DEMOCRATIC REPUBLIC OF THE,CONGO LA R?PUBLIQUE D?MOCRATIQUE DU,4,Democratic Republic of the Congo,COD,UN Member State,Kinshasa,21.79999924,-4.00000000,,,OA,
CF,R?PUBLIQUE CENTRAFRICAINE,REPUBLIQUE CENTRAFRICAINE,CENTRAL AFRICAN REPUBLIC,CENTRAFRICAINE R?PUBLIQUE,4,Central African Republic,CAF,UN Member State,Bangui,20.89999962,6.59999990,,,OA,
CG,R?PUBLIQUE DU CONGO,REPUBLIQUE DU CONGO,CONGO,CONGO,4,Congo,COG,UN Member State,Brazzaville,14.89999962,-0.69999999,,,OA,
CH,SCHWEIZERISCHE EIDGENOSSENSCHAFT / CONFEDERATION SUISSE / CONFEDERAZIONE SVIZZERA (ITALIAN),SCHWEIZERISCHE EIDGENOSSENSCHAFT (GERMAN)  CONFEDERATION SUISSE (FRENCH)  CONFEDERAZIONE SVIZZERA (ITALIAN),SWITZERLAND,SUISSE,2,Switzerland,CHE,UN Member State,Bern,8.19999981,46.79999924,Y,,OA,
CI,R?PUBLIQUE DE COTE D'IVOIRE,REPUBLIQUE DE COTE D'IVOIRE,CÈTE D'IVOIRE,CÈTE D'IVOIRE,4,C¶te d'Ivoire,CIV,UN Member State,Yamoussoukro,-5.50000000,7.50000000,,,OA,
CK,COOK ISLANDS,COOK ISLANDS,COOK ISLANDS,COOK ?LES,4,Cook Islands,COK,NZ Territory,Avarua,-161.60000610,-15.39999962,,,OA,
CL,REP?BLICA DE CHILE,REPUBLICA DE CHILE,CHILE,CHILI,4,Chile,CHL,UN Member State,Santiago,-87.90000153,-36.70000076,,,OA,
CM,REPUBLIC OF CAMEROON,REPUBLIC OF CAMEROON,CAMEROON,CAMEROUN,4,Cameroon,CMR,UN Member State,YaoundÚ,12.30000019,7.40000010,,,OA,
CN,,,CHINA,CHINE,4,China,CHN,UN Member State,Beijing,104.19999695,35.90000153,,,OA,
CO,REP?BLICA DE COLOMBIA,REPUBLICA DE COLOMBIA,COLOMBIA,COLOMBIE,4,Colombia,COL,UN Member State,Bogotß,-74.30000305,4.59999990,,,OA,
CP,ILE CLIPPERTON,ILE CLIPPERTON,CLIPPERTON ISLAND,,1,Clipperton Island,CPT,FR Territory,,-109.19999695,10.30000019,,,ER,
CR,REP?BLICA DE COSTA RICA,REPUBLICA DE COSTA RICA,COSTA RICA,COSTA RICA,4,Costa Rica,CRI,UN Member State,San JosÚ,-84.80000305,8.39999962,,,OA,
CS,SRBIJA I CRNA GORA,SRBIJA I CRNA GORA,SERBIA AND MONTENEGRO,SERBIE-ET-MONT?N?GRO,4,Serbia and Montenegro,SCG,,,0.00000000,0.00000000,,,OA,
CU,REP?BLICA DE CUBA,REPUBLICA DE CUBA,CUBA,CUBA,4,Cuba,CUB,UN Member State,Havana,-79.50000000,21.60000038,,,OA,
CV,REP?BLICA DE CABO VERDE,REPUBLICA DE CABO VERDE,CAPE VERDE,CAP-VERT,4,Cape Verde,CPV,UN Member State,Praia,-24.00000000,16.00000000,,,OA,
CX,TERRITORY OF CHRISTMAS ISLAND,TERRITORY OF CHRISTMAS ISLAND,CHRISTMAS ISLAND,CHRISTMAS ?LE,4,Christmas Island,CXR,AU Territory,The Settlement,105.59999847,-10.50000000,,,OA,
CY,?????S/KIBRIS,KYPROS/KIBRIS,CYPRUS,CHYPRE,3,Cyprus,CYP,UN Member State,Nicosia,33.40000153,35.09999847,,,OA,Y
CZ,CESK? REPUBLIKA,CESKA REPUBLIKA,CZECH REPUBLIC,TCH?QUE R?PUBLIQUE,3,Czech Republic,CZE,UN Member State,Prague,15.50000000,49.79999924,,,OA,Y
DE,BUNDESREPUBLIK DEUTSCHLAND,BUNDESREPUBLIK DEUTSCHLAND,GERMANY,ALLEMAGNE,1,Germany,DEU,UN Member State,Berlin,10.50000000,51.20000076,,,OA,Y
DG,,,DIEGO GARCIA,,4,Diego Garcia,DGA,,,0.00000000,0.00000000,,,ER,
DJ,REPUBLIC OF DJIBOUTI,REPUBLIC OF DJIBOUTI,DJIBOUTI,DSJIBOUTI,4,Djibouti,DJI,UN Member State,Djibouti,42.59999847,11.80000019,,,OA,
DK,KONGERIGET DANMARK,KONGERIGET DANMARK,DENMARK,DANEMARK,1,Denmark,DNK,UN Member State,Copenhagen,11.60000038,56.20000076,,,OA,Y
DM,COMMONWEALTH OF DOMINICA,COMMONWEALTH OF DOMINICA,DOMINICA,DOMINIQUE,4,Dominica,DMA,UN Member State,Roseau,-61.40000153,15.39999962,,,OA,
DO,REP?BLICA DOMINICANA,REPUBLICA DOMINICANA,DOMINICAN REPUBLIC,DOMINICAINE R?PUBLIQUE,4,Dominican Republic,DOM,UN Member State,Santo Domingo,-70.19999695,18.70000076,,,OA,
DY,R?PUBLIQUE DU BENIN,REPUBLIQUE DU BENIN,BENIN,,4,,,,,0.00000000,0.00000000,,,IR,
DZ,AL JUMHURIYAH AL JAZA'IRIYAH AD DIMUQRATIYAH ASH SHA'BIYAH,AL JUMHURIYAH AL JAZA'IRIYAH AD DIMUQRATIYAH ASH SHA'BIYAH,ALGERIA,ALG?RIE,4,Algeria,DZA,UN Member State,Algiers,1.70000005,28.00000000,,,OA,
EA,,,CEUTA AND MELILLA,,1,,,,,0.00000000,0.00000000,,,ER,Y
EC,REP?BLICA DEL ECUADOR,REPUBLICA DEL ECUADOR,ECUADOR,?QUATEUR,4,Ecuador,ECU,UN Member State,Quito,-83.59999847,-1.70000005,,,OA,
EE,EESTI VABARIIK,EESTI VABARIIK,ESTONIA,ESTONIE,3,Estonia,EST,UN Member State,Tallinn,25.00000000,58.70000076,,,OA,Y
EF,,,UNION OF COUNTRIES UNDER THE EUROPEAN COMMUNITY PA,,99,,,,,0.00000000,0.00000000,,,NU,
EG,JUMHURIYAT MISR AL-ARABIYAH,JUMHURIYAT MISR AL-ARABIYAH,EGYPT,?GYPTE,4,Egypt,EGY,UN Member State,Cairo,30.50000000,26.79999924,,,OA,
EH,WESTERN SAHARA,WESTERN SAHARA,WESTERN SAHARA ',SAHARA OCCIDENTAL ',4,Western Sahara,ESH,Non-Self-Governing Territory,,-12.89999962,24.20000076,,,OA,
EM,,,EUROPEAN TRADEMARK OFFICE,,99,,,,,0.00000000,0.00000000,,,NU,
EP,,,EUROPEAN PATENT ORGANIZATION,,99,,,,,0.00000000,0.00000000,,,NU,
ER,HAGERE ERTRA,HAGERE ERTRA,ERITREA,?RYTHR?E,4,Eritrea,ERI,UN Member State,Asmara,39.79999924,15.19999981,,,OA,
ES,ESPAÐA,ESPANA,SPAIN,ESPAGNE,1,Spain,ESP,UN Member State,Madrid,-2.50000000,39.50000000,,,OA,Y
ET,ITYOP'IYA FEDERALAWI DEMOKRASIYAWI RIPEBLIK,ITYOP'IYA FEDERALAWI DEMOKRASIYAWI RIPEBLIK,ETHIOPIA,?THIOPIE,4,Ethiopia,ETH,UN Member State,Addis-Ababa,40.50000000,9.10000038,,,OA,
EU,,,EUROPEAN UNION,,99,,,,,0.00000000,0.00000000,,,ER,Y
EV,,,EURASIAN PATENT ORGANIZATION,,99,,,,,0.00000000,0.00000000,,,NU,
EW,,,ESTONIA,,3,,,,,0.00000000,0.00000000,,,IR,Y
FI,SUOMI / FINLAND,SUOMI / FINLAND,FINLAND,FINLANDE,1,Finland,FIN,UN Member State,Helsinki,25.39999962,64.90000153,,,OA,Y
FJ,REPUBLIC OF THE FIJI ISLANDS,REPUBLIC OF THE FIJI ISLANDS,FIJI,FIDJI,4,Fiji,FJI,UN Member State,Suva,0.00000000,-16.60000038,,,OA,
FK,FALKLAND ISLANDS (ISLAS MALVINAS),FALKLAND ISLANDS (ISLAS MALVINAS),FALKLAND ISLANDS MALVINAS,FALKLAND ?LES MALVINAS,4,Falkland Islands (Malvinas),FLK,UK Non-Self-Governing Territory,Stanley,-59.50000000,-52.00000000,,,OA,
FL,F?RSTENTUM LIECHTENSTEIN,FURSTENTUM LIECHTENSTEIN,LIECHTENSTEIN,,2,,,,,0.00000000,0.00000000,Y,,IR,
FM,FEDERATED STATES OF MICRONESIA,FEDERATED STATES OF MICRONESIA,MICRONESIA FEDERATED STATES OF,MICRON?SIE ?TATS F?D?R?S DE,4,Micronesia (Federated States of),FSM,UN Member State,Palikir,150.50000000,8.50000000,,,OA,
FO,FOROYAR,FOROYAR,FAROE ISLANDS,F?RO? ?LES,4,Faroe Islands,FRO,DK Territory,T¾rshavn,-7.00000000,61.90000153,,,OA,
FR,R?PUBLIQUE FRANÃAISE,REPUBLIQUE FRANCAISE,FRANCE,FRANCE,1,France,FRA,UN Member State,Paris,2.20000005,46.20000076,,,OA,Y
FX,,,FRANCE METROPOLITAN,FRANCE,4,"France, Metropolitan",FXX,,,0.00000000,0.00000000,,,ER,Y
GA,R?PUBLIQUE GABONAISE,REPUBLIQUE GABONAISE,GABON,GABON,4,Gabon,GAB,UN Member State,Libreville,11.60000038,-0.80000001,,,OA,
GB,,,UNITED KINGDOM,ROYAUME-UNI,1,U.K. of Great Britain and Northern Ireland,,UN Member State,London,0.00000000,0.00000000,,,OA,Y
GC,,,PATENT OFFICE OF THE COOPERATION COUNCIL FOR THE A,,99,,,,,0.00000000,0.00000000,,,NU,
GD,,,GRENADA,GRENADE,4,Grenada,GRD,UN Member State,Saint George's,-61.70000076,12.19999981,,,OA,
GE,SAK'ART'VELO,SAK'ART'VELO,GEORGIA,G?ORGIE,4,Georgia,GEO,UN Member State,Tbilisi,43.40000153,42.29999924,,,OA,
GF,GUYANE,GUYANE,FRENCH GUIANA,GUYANE FRANÃAISE,4,French Guiana,GUF,FR Territory,Cayenne,0.00000000,0.00000000,,,OA,Y
GG,BAILIWICK OF GUERNSEY,BAILIWICK OF GUERNSEY,GUERNSEY,,4,Guernsey,GGY,UK Territory,,-2.40000010,49.59999847,,,OA,
GH,REPUBLIC OF GHANA,REPUBLIC OF GHANA,GHANA,GHANA,4,Ghana,GHA,UN Member State,Accra,-1.00000000,8.00000000,,,OA,
GI,GIBRALTAR,GIBRALTAR,GIBRALTAR,GIBRALTAR,4,Gibraltar,GIB,UK Non-Self-Governing Territory,Gibraltar,-5.40000010,36.09999847,,,OA,
GL,KALAALLIT NUNAAT,KALAALLIT NUNAAT,GREENLAND,,4,Greenland,GRL,DK Self-Governing Territory,Nuuk,-42.40000153,71.69999695,,,OA,
GM,REPUBLIC OF THE GAMBIA,REPUBLIC OF THE GAMBIA,GAMBIA,GAMBIE,4,Gambia,GMB,UN Member State,Banjul,-15.30000019,13.39999962,,,OA,
GN,R?PUBLIQUE DE GUINEE,REPUBLIQUE DE GUINEE,GUINEA,GUIN?E,4,Guinea,GIN,UN Member State,Conakry,-11.39999962,9.89999962,,,OA,
GP,D?PARTEMENT DE LA GUADELOUPE,DEPARTEMENT DE LA GUADELOUPE,GUADELOUPE,GUADELOUPE,4,Guadeloupe,GLP,FR Territory,Basse-Terre,0.00000000,0.00000000,,,OA,Y
GQ,REP?BLICA DE GUINEA ECUATORIAL,REPUBLICA DE GUINEA ECUATORIAL,EQUATORIAL GUINEA,GUIN?E ?QUATORIALE,4,Equatorial Guinea,GNQ,UN Member State,Malabo,8.50000000,1.20000005,,,OA,
GR,??????,ELLADA,GREECE,GR?CE,1,Greece,GRC,UN Member State,Athens,24.50000000,38.29999924,,,OA,Y
GS,SOUTH GEORGIA AND THE SOUTH SANDWICH ISLANDS,SOUTH GEORGIA AND THE SOUTH SANDWICH ISLANDS,SOUTH GEORGIA AND THE SOUTH SANDWICH ISLANDS,G?ORGIE DU SUD ET LES ?LES SANDWICH DU SUD,4,South Georgia and the South Sandwich Islands,SGS,UK Territory,,-34.00000000,-56.59999847,,,OA,
GT,REP?BLICA DE GUATEMALA,REPUBLICA DE GUATEMALA,GUATEMALA,GUATEMALA,4,Guatemala,GTM,UN Member State,Guatemala,-90.19999695,15.80000019,,,OA,
GU,GUAHAN,GUAHAN,GUAM,GUAM,4,Guam,GUM,US Non-Self-Governing Territory,Agana,144.80000305,13.39999962,,,OA,
GW,REP?BLICA DA GUINE-BISSAU,REPUBLICA DA GUINE-BISSAU,GUINEA-BISSAU,GUIN?E-BISSAU,4,Guinea-Bissau,GNB,UN Member State,Bissau,-15.19999981,11.80000019,,,OA,
GY,CO-OPERATIVE REPUBLIC OF GUYANA,CO-OPERATIVE REPUBLIC OF GUYANA,GUYANA,GUYANA,4,Guyana,GUY,UN Member State,Georgetown,-58.90000153,4.90000010,,,OA,
HK,XIANGGANG TEBIE XINGZHENGQU,XIANGGANG TEBIE XINGZHENGQU,HONG KONG,HONG-KONG,4,Hong Kong,HKG,CN Special Administrative Region,Hong Kong,114.09999847,22.39999962,,,OA,
VA,SANTA SEDE (STATO DELLA CITTA DEL VATICANO),SANTA SEDE (STATO DELLA CITTA DEL VATICANO),HOLY SEE VATICAN CITY STATE,SAINT-SI?GE ?TAT DE LA CIT? DU VATICAN,4,Holy See,VAT,The City of Vatican,,12.60000038,41.79999924,,,OA,
HM,TERRITORY OF HEARD ISLAND AND MCDONALD ISLANDS,TERRITORY OF HEARD ISLAND AND MCDONALD ISLANDS,HEARD ISLAND AND MCDONALD ISLANDS,HEARD ?LE ET MCDONALD ?LES,4,Heard Island and McDonald Islands,HMD,AU Territory,,73.19999695,-53.09999847,,,OA,
HN,REP?BLICA DE HONDURAS,REPUBLICA DE HONDURAS,HONDURAS,HONDURAS,4,Honduras,HND,UN Member State,Tegucigalpa,-86.30000305,15.19999981,,,OA,
NO,KONGERIKET NORGE,KONGERIKET NORGE,NORWAY,NORV?GE,2,Norway,NOR,UN Member State,Oslo,17.79999924,64.59999847,Y,,OA,
NP,KINGDOM OF NEPAL,KINGDOM OF NEPAL,NEPAL,N?PAL,4,Nepal,NPL,UN Member State,Kathmandu,84.09999847,28.39999962,,,OA,
NR,REPUBLIC OF NAURU,REPUBLIC OF NAURU,NAURU,NAURU,4,Nauru,NRU,UN Member State,,166.89999390,-0.50000000,,,OA,
NT,,,NEUTRAL ZONE,,4,Neutral Zone,NTZ,,,0.00000000,0.00000000,,,TR,
NU,NIUE,NIUE,NIUE,NIU?,4,Niue,NIU,NZ Territory,Alofi,-169.89999390,-19.10000038,,,OA,
NZ,NEW ZEALAND,NEW ZEALAND,NEW ZEALAND,NOUVELLE-Z?LANDE,4,New Zealand,NZL,UN Member State,Wellington,0.30000001,-40.90000153,,,OA,
OA,,,AFRICAN INTELLECTUAL PROPERTY ORGANIZATION,,99,,,,,0.00000000,0.00000000,,,NU,
OM,SALTANAT UMAN,SALTANAT UMAN,OMAN,OMAN,4,Oman,OMN,UN Member State,Muscat,55.90000153,21.50000000,,,OA,
PA,REP?BLICA DE PANAMA,REPUBLICA DE PANAMA,PANAMA,PANAMA,4,Panama,PAN,UN Member State,Panamß,-80.09999847,8.39999962,,,OA,
PE,REP?BLICA DEL PERU,REPUBLICA DEL PERU,PERU,P?ROU,4,Peru,PER,UN Member State,Lima,-75.00000000,-9.19999981,,,OA,
PF,TERRITOIRE DE LA POLYNESIE FRANCAISE,TERRITOIRE DE LA POLYNESIE FRANCAISE,FRENCH POLYNESIA,POLYN?SIE FRANÃAISE,4,French Polynesia,PYF,FR Territory,Papeete,-144.80000305,-17.70000076,,,OA,
PG,INDEPENDENT STATE OF PAPUA NEW GUINEA,INDEPENDENT STATE OF PAPUA NEW GUINEA,PAPUA NEW GUINEA,PAPOUASIE-NOUVELLE-GUIN?E,4,Papua New Guinea,PNG,UN Member State,Port Moresby,150.19999695,-6.30000019,,,OA,
PH,,,PHILIPPINES,PHILIPPINES,4,Philippines,PHL,UN Member State,Manila,121.80000305,12.80000019,,,OA,
PI,,,PHILIPPINES,,4,,,,,0.00000000,0.00000000,,,IR,
PK,ISLAMIC REPUBLIC OF PAKISTAN,ISLAMIC REPUBLIC OF PAKISTAN,PAKISTAN,PAKISTAN,4,Pakistan,PAK,UN Member State,Islamabad,68.09999847,30.29999924,,,OA,
PL,RZECZPOSPOLITA POLSKA,RZECZPOSPOLITA POLSKA,POLAND,POLOGNE,3,Poland,POL,UN Member State,Warsaw,19.10000038,51.90000153,,,OA,Y
PM,DEPARTEMENT DE SAINT-PIERRE ET MIQUELON,DEPARTEMENT DE SAINT-PIERRE ET MIQUELON,SAINT PIERRE AND MIQUELON,SAINT-PIERRE-ET-MIQUELON,4,Saint Pierre et Miquelon,SPM,FR Territory,Saint-Pierre,-56.29999924,46.90000153,,,OA,
PN,PITCAIRN  HENDERSON  DUCIE  AND OENO ISLANDS,PITCAIRN  HENDERSON  DUCIE  AND OENO ISLANDS,PITCAIRN,PITCAIRN,4,Pitcairn,PCN,UK Non-Self-Governing Territory,Adamstown,-127.80000305,-24.50000000,,,OA,
PR,COMMONWEALTH OF PUERTO RICO,COMMONWEALTH OF PUERTO RICO,PUERTO RICO,PORTO RICO,4,Puerto Rico,PRI,US Territory,San Juan,-66.59999847,18.20000076,,,OA,
PS,,,PALESTINIAN AUTHORITY,PALESTINIEN AUTHORIT?,4,Palestine,PSE,Gaza,,34.90000153,31.89999962,,,OA,
PT,REP?BLICA PORTUGUESA,REPUBLICA PORTUGUESA,PORTUGAL,PORTUGAL,1,Portugal,PRT,UN Member State,Lisbon,-7.90000010,39.50000000,,,OA,Y
PW,BELUU ER A BELAU,BELUU ER A BELAU,PALAU,PALAOS,4,Palau,PLW,UN Member State,Koror,132.89999390,5.50000000,,,OA,
PY,REP?BLICA DEL PARAGUAY,REPUBLICA DEL PARAGUAY,PARAGUAY,PARAGUAY,4,Paraguay,PRY,UN Member State,Asunci¾n,-58.50000000,-23.39999962,,,OA,
QA,DAWLAT QATAR,DAWLAT QATAR,QATAR,QATAR,4,Qatar,QAT,UN Member State,Doha,51.59999847,25.29999924,,,OA,
QM,Northern Mariana Islands and Guam,,Northern Mariana Islands and Guam,,99,,,US Territroy,,0.00000000,0.00000000,,,UA,
QN,Puerto Rico and Virgin Islands of the United States,,Puerto Rico and Virgin Islands of the United States,,99,,,US Territory,,0.00000000,0.00000000,,,UA,
QO,Guadeloupe and Martinique,,Guadeloupe and Martinique,,99,,,FR Territory,,0.00000000,0.00000000,,,UA,
QP,Colombia - Jamaica,,Colombia - Jamaica,,99,,,Joint Regime,,0.00000000,0.00000000,,,UA,
QQ,Nigeria - Sao Tome and Principe,,Nigeria - Sao Tome and Principe,,99,,,Joint Regime,,0.00000000,0.00000000,,,UA,
QR,Japan - Korea,,Japan - Korea,,99,,,Joint Regime,,0.00000000,0.00000000,,,UA,
QS,,,,,99,,,,,0.00000000,0.00000000,,,UA,
QT,,,,,99,,,,,0.00000000,0.00000000,,,UA,
QU,,,,,99,,,,,0.00000000,0.00000000,,,UA,
QV,,,,,99,,,,,0.00000000,0.00000000,,,UA,
QW,,,,,99,,,,,0.00000000,0.00000000,,,UA,
QX,,,,,99,,,,,0.00000000,0.00000000,,,UA,
QY,,,,,99,,,,,0.00000000,0.00000000,,,UA,
QZ,,,,,99,,,,,0.00000000,0.00000000,,,UA,
RA,REP?BLICA ARGENTINA,REPUBLICA ARGENTINA,ARGENTINA,,4,,,,,0.00000000,0.00000000,,,IR,
RB,REP?BLICA DE BOLIVIA,REPUBLICA DE BOLIVIA,BOLIVIA,,4,,,,,0.00000000,0.00000000,,,IR,
RC,ZHONGHUA RENMIN GONGHEGUO,ZHONGHUA RENMIN GONGHEGUO,CHINA,,4,,,,,0.00000000,0.00000000,,,IR,
RE,?LE DE LA R?UNION,ILE DE LA REUNION,R?UNION,R?UNION,4,RÚunion,REU,FR Territory,Saint-Denis,0.00000000,0.00000000,,,OA,Y
RH,R?PUBLIQUE D'HAITI,REPUBLIQUE D'HAITI,HAITI,,4,,,,,0.00000000,0.00000000,,,IR,
RI,REPUBLIK INDONESIA,REPUBLIK INDONESIA,INDONESIA,,4,,,,,0.00000000,0.00000000,,,IR,
RL,AL JUMHURIYAH AL LUBNANIYAH,AL JUMHURIYAH AL LUBNANIYAH,LEBANON,,4,,,,,0.00000000,0.00000000,,,IR,
RM,R?PUBLIQUE DE MADAGASCAR,REPUBLIQUE DE MADAGASCAR,MADAGASCAR,,4,,,,,0.00000000,0.00000000,,,IR,
RN,R?PUBLIQUE DU NIGER,REPUBLIQUE DU NIGER,NIGER,,4,,,,,0.00000000,0.00000000,,,IR,
RO,ROMANIA,ROMANIA,ROMANIA,ROUMANIE,3,Romania,ROU,UN Member State,Bucharest,25.00000000,45.90000153,,,OA,Y
RP,REPUBLIKA NG PILIPINAS,REPUBLIKA NG PILIPINAS,PHILIPPINES,,4,,,,,0.00000000,0.00000000,,,IR,
RU,ROSSIYSKAYA FEDERATSIYA,ROSSIYSKAYA FEDERATSIYA,RUSSIAN FEDERATION,RUSSIE F?D?RATION DE,4,Russian Federation,RUS,UN Member State,Moskva,0.00000000,61.50000000,,,OA,
RW,REPUBLIKA Y'U RWANDA,REPUBLIKA Y'U RWANDA,RWANDA,RWANDA,4,Rwanda,RWA,UN Member State,Kigali,29.89999962,-1.89999998,,,OA,
SA,AL MAMLAKAH AL ARABIYAH AS SUUDIYAH,AL MAMLAKAH AL ARABIYAH AS SUUDIYAH,SAUDI ARABIA,ARABIE SAOUDITE,4,Saudi Arabia,SAU,UN Member State,Riyadh,45.09999847,24.29999924,,,OA,
SB,SOLOMON ISLANDS,SOLOMON ISLANDS,SOLOMON ISLANDS,SALOMON ?LES,4,Solomon Islands,SLB,UN Member State,Honiara,162.19999695,-8.69999981,,,OA,
SC,REPUBLIC OF SEYCHELLES,REPUBLIC OF SEYCHELLES,SEYCHELLES,SEYCHELLES,4,Seychelles,SYC,UN Member State,Victoria,51.20000076,-7.00000000,,,OA,
SD,JUMHURIYAT AS-SUDAN,JUMHURIYAT AS-SUDAN,SUDAN,SOUDAN,4,Sudan,SDN,UN Member State,Khartoum,30.20000076,13.19999981,,,OA,
SE,KONUNGARIKET SVERIGE,KONUNGARIKET SVERIGE,SWEDEN,SU?DE,1,Sweden,SWE,UN Member State,Stockholm,17.60000038,62.20000076,,,OA,Y
SF,SUOMEN TASAVALTA,SUOMEN TASAVALTA,FINLAND,,1,,,,,0.00000000,0.00000000,,,TR,Y
SG,REPUBLIC OF SINGAPORE,REPUBLIC OF SINGAPORE,SINGAPORE,SINGAPOUR,4,Singapore,SGP,UN Member State,Singapore,103.90000153,1.29999995,,,OA,
SH,SAINT HELENA,SAINT HELENA,SAINT HELENA,SAINTE-H?L?NE,4,Saint Helena,SHN,UK Non-Self-Governing Territory,,-10.00000000,-24.10000038,,,OA,
SI,REPUBLIKA SLOVENIJA,REPUBLIKA SLOVENIJA,SLOVENIA,SLOV?NIE,3,Slovenia,SVN,UN Member State,Ljubljana,15.00000000,46.09999847,,,OA,Y
SJ,SVALBARD & JAN MAYEN,SVALBARD & JAN MAYEN,SVALBARD AND JAN MAYEN,SVALBARD ET ?LE JAN MAYEN,4,Svalbard and Jan Mayen Islands,SJM,NO Territory,Longyearbyen,12.19999981,75.80000305,,,OA,
SK,SLOVENSKA REPUBLIKA,SLOVENSKA REPUBLIKA,SLOVAKIA,SLOVAQUIE,3,Slovakia,SVK,UN Member State,Bratislava,19.70000076,48.70000076,,,OA,Y
SL,REPUBLIC OF SIERRA LEONE,REPUBLIC OF SIERRA LEONE,SIERRA LEONE,SIERRA LEONE,4,Sierra Leone,SLE,UN Member State,Freetown,-11.80000019,8.50000000,,,OA,
SM,REPUBBLICA DI SAN MARINO,REPUBBLICA DI SAN MARINO,SAN MARINO,SAINT-MARIN,4,San Marino,SMR,UN Member State,San Marino,12.50000000,43.90000153,,,OA,
SN,R?PUBLIQUE DU S?N?GAL,REPUBLIQUE DU SENEGAL,SENEGAL,S?N?GAL,4,Senegal,SEN,UN Member State,Dakar,-14.39999962,14.50000000,,,OA,
SO,SOMALIA,SOMALIA,SOMALIA,SOMALIE,4,Somalia,SOM,UN Member State,Mogadishu,46.20000076,5.19999981,,,OA,
SR,REPUBLIEK SURINAME,REPUBLIEK SURINAME,SURINAME,SURINAME,4,Suriname,SUR,UN Member State,Paramaribo,-56.00000000,3.90000010,,,OA,
ST,REP?BLICA DEMOCRATICA DE SAO TOME E PRINCIPE,REPUBLICA DEMOCRATICA DE SAO TOME E PRINCIPE,SAO TOME AND PRINCIPE,SAO TOM?-ET-PRINCIPE,4,Sao Tome and Principe,STP,UN Member State,Sao TomÚ,7.00000000,0.80000001,,,OA,
SU,,,USSR,,4,U.S.S.R.,SUN,,,0.00000000,0.00000000,,,TR,
SV,REP?BLICA DE EL SALVADOR,REPUBLICA DE EL SALVADOR,EL SALVADOR,EL SALVADOR,4,El Salvador,SLV,UN Member State,San Salvador,-88.90000153,13.80000019,,,OA,
SY,SYRIAN ARAB REPUBLIC,SYRIAN ARAB REPUBLIC,SYRIAN ARAB REPUBLIC,SYRIENNE R?PUBLIQUE ARABE,4,Syria,SYR,UN Member State,Damascus,39.00000000,34.79999924,,,OA,
SZ,KINGDOM OF SWAZILAND,KINGDOM OF SWAZILAND,SWAZILAND,SWAZILAND,4,Swaziland,SWZ,UN Member State,Mbabane (adm.),31.50000000,-26.50000000,,,OA,
TA,,,TRISTAN DA CUNHA,,4,Tristan da Cunha,TAA,,,0.00000000,0.00000000,,,ER,
TC,TURKS AND CAICOS ISLANDS,TURKS AND CAICOS ISLANDS,TURKS AND CAICOS ISLANDS,TURKS ET CA¤QUES ?LES,4,Turks and Caicos islands,TCA,UK Non-Self-Governing Territory,Cockburn Town,-71.80000305,21.60000038,,,OA,
TD,R?PUBLIQUE DU TCHAD,REPUBLIQUE DU TCHAD,CHAD,TCHAD,4,Chad,TCD,UN Member State,N'Djamena,18.70000076,15.39999962,,,OA,
TF,,,FRENCH SOUTHERN TERRITORIES,TERRES AUSTRALES FRANÃAISES,4,French Southern and Antarctic Territories,ATF,FR Territory,,63.90000153,-43.90000153,,,OA,
TG,R?PUBLIQUE TOGOLAISE,REPUBLIQUE TOGOLAISE,TOGO,TOGO,4,Togo,TGO,UN Member State,LomÚ,0.80000001,8.60000038,,,OA,
TH,KINGDOM OF THAILAND,KINGDOM OF THAILAND,THAILAND,THA¤LANDE,4,Thailand,THA,UN Member State,Bangkok,101.50000000,13.00000000,,,OA,
TJ,JUMHURII TOJIKISTON,JUMHURII TOJIKISTON,TAJIKISTAN,TADJIKISTAN,4,Tajikistan,TJK,UN Member State,Dushanbe,71.30000305,38.90000153,,,OA,
TK,TOKELAU,TOKELAU,TOKELAU,TOKELAU,4,Tokelau,TKL,NZ Non-Self-Governing Territory,,-171.89999390,-9.00000000,,,OA,
TL,,,TIMOR-LESTE,TIMOR-LESTE,4,Timor-Leste,TLS,UN Member State,Dili,125.69999695,-8.80000019,,,OA,
TM,TURKMENISTAN,TURKMENISTAN,TURKMENISTAN,TURKM?NISTAN,4,Turkmenistan,TKM,UN Member State,Ashgabat,59.59999847,39.00000000,,,OA,
TN,AL JUMHURIYAH AT TUNISIYAH,AL JUMHURIYAH AT TUNISIYAH,TUNISIA,TUNISIE,4,Tunisia,TUN,UN Member State,Tunis,9.60000038,33.90000153,,,OA,
TO,KINGDOM OF TONGA,KINGDOM OF TONGA,TONGA,TONGA,4,Tonga,TON,UN Member State,Nuku'alofa,-175.00000000,-19.00000000,,,OA,
TP,"REPUBLIKA DEMOKRATIKA TIMOR LOROSA'E (TETUM), REP?BLICA DEMOCRATICA DE TIMOR-LESTE (PORTUGUESE)","REPUBLIKA DEMOKRATIKA TIMOR LOROSA'E (TETUM), REPUBLICA DEMOCRATICA DE TIMOR-LESTE (PORTUGUESE)",EAST TIMOR,,4,East Timor,TMP,,,0.00000000,0.00000000,,,TR,
TR,T?RKIYE CUMHURIYETI,TURKIYE CUMHURIYETI,TURKEY,TURQUIE,3,Turkey,TUR,UN Member State,Ankara,35.20000076,39.00000000,,Y,OA,
TT,REPUBLIC OF TRINIDAD AND TOBAGO,REPUBLIC OF TRINIDAD AND TOBAGO,TRINIDAD AND TOBAGO,TRINIT?-ET-TOBAGO,4,Trinidad and Tobago,TTO,UN Member State,Port of Spain,-61.20000076,10.69999981,,,OA,
TV,TUVALU,TUVALU,TUVALU,TUVALU,4,Tuvalu,TUV,UN Member State,Funafuti,178.00000000,-7.50000000,,,OA,
TW,T'AI-WAN,T'AI-WAN,TAIWAN PROVINCE OF CHINA,TA¤WAN PROVINCE DE CHINE,4,Taiwan,TWN,,,0.00000000,0.00000000,,,OA,
TZ,UNITED REPUBLIC OF TANZANIA,UNITED REPUBLIC OF TANZANIA,TANZANIA UNITED REPUBLIC OF,TANZANIE R?PUBLIQUE-UNIE DE,4,United Republic of Tanzania,TZA,UN Member State,Dodoma,34.90000153,-6.40000010,,,OA,
UA,UKRAYINA,UKRAYINA,UKRAINE,UKRAINE,4,Ukraine,UKR,UN Member State,Ky´v,31.20000076,48.40000153,,,OA,
UG,REPUBLIC OF UGANDA,REPUBLIC OF UGANDA,UGANDA,OUGANDA,4,Uganda,UGA,UN Member State,Kampala,32.29999924,1.39999998,,,OA,
UK,UNITED KINGDOM OF GREAT BRITAIN AND NORTHERN IRELAND,UNITED KINGDOM OF GREAT BRITAIN AND NORTHERN IRELAND,UNITED KINGDOM,,1,U.K. of Great Britain and Northern Ireland,GBR,UN Member State,London,-3.40000010,55.40000153,,,ER,Y
UM,,,UNITED STATES MINOR OUTLYING ISLANDS,?LES MINEURES ?LOIGN?ES DES ?TATS-UNIS,99,Baker Island,UMI,US Territory,,-5.80000019,14.00000000,,,OA,
US,UNITED STATES OF AMERICA,UNITED STATES OF AMERICA,UNITED STATES,?TATS-UNIS,4,United States of America,USA,UN Member State,"Washington, D.C.",0.30000001,45.20000076,,,OA,
UY,REP?BLICA ORIENTAL DEL URUGUAY,REPUBLICA ORIENTAL DEL URUGUAY,URUGUAY,URUGUAY,4,Uruguay,URY,UN Member State,Montevideo,-55.79999924,-32.59999847,,,OA,
UZ,OZBEKISTON RESPUBLIKASI,OZBEKISTON RESPUBLIKASI,UZBEKISTAN,OUZB?KISTAN,4,Uzbekistan,UZB,UN Member State,Tashkent,64.59999847,41.40000153,,,OA,
AC,TERRITORY OF ASHMORE AND CARTIER ISLANDS,TERRITORY OF ASHMORE AND CARTIER ISLANDS,ASHMORE AND CARTIER ISLANDS,,4,Ashmore and Cartier Islands,ASC,AU Territory,,123.19999695,-12.39999962,,,ER,
VC,SAINT VINCENT AND THE GRENADINES,SAINT VINCENT AND THE GRENADINES,SAINT VINCENT AND THE GRENADINES,SAINT-VINCENT-ET-LES GRENADINES,4,Saint Vincent and the Grenadines,VCT,UN Member State,Kingstown,-61.29999924,12.89999962,,,OA,
VE,VENEZUELA,,VENEZUELA,VENEZUELA,4,Venezuela,VEN,UN Member State,Caracas,-66.59999847,8.19999981,,,OA,
VG,BRITISH VIRGIN ISLANDS,BRITISH VIRGIN ISLANDS,VIRGIN ISLANDS BRITISH,?LES VIERGES BRITANNIQUES,4,British Virgin Islands,VGB,UK Non-Self-Governing Territory,Road Town,-64.50000000,18.50000000,,,OA,
VI,UNITED STATES VIRGIN ISLANDS,UNITED STATES VIRGIN ISLANDS,VIRGIN ISLANDS U.S.,?LES VIERGES DES ?TATS-UNIS,4,United States Virgin Islands,VIR,US Non-Self-Governing Territory,Charlotte Amalie,-64.80000305,18.10000038,,,OA,
VN,CONG HOA XA HOI CHU NGHIA VIET NAM,CONG HOA XA HOI CHU NGHIA VIET NAM,VIET NAM,VIET NAM,4,Viet Nam,VNM,UN Member State,Hanoi,105.80000305,15.89999962,,,OA,
VU,REPUBLIC OF VANUATU,REPUBLIC OF VANUATU,VANUATU,VANUATU,4,Vanuatu,VUT,UN Member State,Port-Vila,168.39999390,-16.70000076,,,OA,
WF,TERRITOIRE DES ?LES WALLIS ET FUTUNA,TERRITOIRE DES ILES WALLIS ET FUTUNA,WALLIS AND FUTUNA,WALLIS ET FUTUNA,4,Wallis and Futuna,WLF,FR Territory,Mata-Utu,-177.19999695,-13.80000019,,,OA,
WG,GRENADA,GRENADA,GRENADA,,4,,,,,0.00000000,0.00000000,,,IR,
WL,SAINT LUCIA,SAINT LUCIA,SAINT LUCIA,,4,,,,,0.00000000,0.00000000,,,IR,
WO,,,WORLD INTELLECTUAL PROPERTY ORGANIZATION,,99,,,,,0.00000000,0.00000000,,,NU,
WS,INDEPENDENT STATE OF SAMOA,INDEPENDENT STATE OF SAMOA,SAMOA,SAMOA,4,Samoa,WSM,UN Member State,Apia,-172.10000610,-13.69999981,,,OA,
WV,,,SAINT VINCENT,,4,,,,,0.00000000,0.00000000,,,IR,
XA,PARACEL ISLANDS (disputed territory),PARACEL ISLANDS (disputed territory),PARACEL ISLANDS (disputed territory),,99,Paracel Islands,XA,Sovereignty unsettled,,112.00000000,16.39999962,,,UA,
XB,SPRATLY ISLANDS (disputed territory),SPRATLY ISLANDS (disputed territory),SPRATLY ISLANDS (disputed territory),,99,Spratly Islands,XB,Sovereignty unsettled,,114.90000153,10.39999962,,,UA,
XC,AKSAI CHIN (disputed territory),AKSAI CHIN (disputed territory),AKSAI CHIN (disputed territory),,99,Aksai Chin,XC,Sovereignty unsettled,,79.09999847,34.70000076,,,UA,
XD,ARUNASHAL PRADESH (disputed territory),ARUNASHAL PRADESH (disputed territory),ARUNASHAL PRADESH (disputed territory),,99,Arunachal Pradesh,XD,Sovereignty unsettled,,94.50000000,28.20000076,,,UA,
XE,CHINA/INDIA (disputed territory),CHINA/INDIA (disputed territory),CHINA/INDIA (disputed territory),,99,China/India,XE,Sovereignty unsettled,,79.30000305,31.89999962,,,UA,
XF,HALA'IB TRIANGLE (disputed territory),HALA'IB TRIANGLE (disputed territory),HALA'IB TRIANGLE (disputed territory),,99,Hala'ib triangle,XF,Sovereignty unsettled,,35.50000000,22.60000038,,,UA,
XG,ILEMI TRIANGLE (disputed territory),ILEMI TRIANGLE (disputed territory),ILEMI TRIANGLE (disputed territory),,99,Ilemi triangle,XG,Sovereignty unsettled,,34.90000153,4.80000019,,,UA,
XH,JAMMU KASHMIR (disputed territory),JAMMU KASHMIR (disputed territory),JAMMU KASHMIR (disputed territory),,99,Jammu Kashmir,XH,Sovereignty unsettled,,75.90000153,34.70000076,,,UA,
