NUTS_ID,name
AT,OSTERREICH
AT1,OSTOSTERREICH
AT11,Burgenland (AT)
AT111,Mittelburgenland
AT112,Nordburgenland
AT113,Sudburgenland
AT12,Niederosterreich
AT121,Mostviertel-Eisenwurzen
AT122,Niederosterreich-Sud
AT123,Sankt Polten
AT124,Waldviertel
AT125,Weinviertel
AT126,Wiener Umland/Nordteil
AT127,Wiener Umland/Sudteil
AT13,Wien
AT130,Wien
AT2,SUDOSTERREICH
AT21,Karnten
AT211,Klagenfurt-Villach
AT212,Oberkarnten
AT213,Unterkarnten
AT22,Steiermark
AT221,Graz
AT222,Liezen
AT223,Ostliche Obersteiermark
AT224,Oststeiermark
AT225,West- und Sudsteiermark
AT226,Westliche Obersteiermark
AT3,WESTOSTERREICH
AT31,Oberosterreich
AT311,Innviertel
AT312,Linz-Wels
AT313,Muhlviertel
AT314,Steyr-Kirchdorf
AT315,Traunviertel
AT32,Salzburg
AT321,Lungau
AT322,Pinzgau-Pongau
AT323,Salzburg Und Umgebung
AT33,Tirol
AT331,Ausserfern
AT332,Innsbruck
AT333,Osttirol
AT334,Tiroler Oberland
AT335,Tiroler Unterland
AT34,Vorarlberg
AT341,Bludenz-Bregenzer Wald
AT342,Rheintal-Bodenseegebiet
BE,BELGIQUE-BELGIE
BE1,REGION DE BRUXELLES-CAPITALE / BRUSSELS HOOFDSTEDELIJK GEWEST
BE10,Region de Bruxelles-Capitale / Brussels Hoofdstedelijk Gewest
BE100,Arr. de Bruxelles-Capitale / Arr. van Brussel-Hoofdstad
BE2,VLAAMS GEWEST
BE21,Prov. Antwerpen
BE211,Arr. Antwerpen
BE212,Arr. Mechelen
BE213,Arr. Turnhout
BE22,Prov. Limburg (BE)
BE221,Arr. Hasselt
BE222,Arr. Maaseik
BE223,Arr. Tongeren
BE23,Prov. Oost-Vlaanderen
BE231,Arr. Aalst
BE232,Arr. Dendermonde
BE233,Arr. Eeklo
BE234,Arr. Gent
BE235,Arr. Oudenaarde
BE236,Arr. Sint-Niklaas
BE24,Prov. Vlaams-Brabant
BE241,Arr. Halle-Vilvoorde
BE242,Arr. Leuven
BE25,Prov. West-Vlaanderen
BE251,Arr. Brugge
BE252,Arr. Diksmuide
BE253,Arr. Ieper
BE254,Arr. Kortrijk
BE255,Arr. Oostende
BE256,Arr. Roeselare
BE257,Arr. Tielt
BE258,Arr. Veurne
BE3,REGION WALLONNE
BE31,Prov. Brabant Wallon
BE310,Arr. Nivelles
BE32,Prov. Hainaut
BE321,Arr. Ath
BE322,Arr. Charleroi
BE323,Arr. Mons
BE324,Arr. Mouscron
BE325,Arr. Soignies
BE326,Arr. Thuin
BE327,Arr. Tournai
BE33,Prov. Liege
BE331,Arr. Huy
BE332,Arr. Liege
BE334,Arr. Waremme
BE335,Arr. Verviers - Communes francophones
BE336,Bezirk Verviers - Deutschsprachige Gemeinschaft
BE34,Prov. Luxembourg (BE)
BE341,Arr. Arlon
BE342,Arr. Bastogne
BE343,Arr. Marche-en-Famenne
BE344,Arr. Neufchateau
BE345,Arr. Virton
BE35,Prov. Namur
BE351,Arr. Dinant
BE352,Arr. Namur
BE353,Arr. Philippeville
BG,BULGARIA
BG3,SEVERNA I YUGOIZTOCHNA BULGARIA
BG31,Severozapaden
BG311,Vidin
BG312,Montana
BG313,Vratsa
BG314,Pleven
BG315,Lovech
BG32,Severen tsentralen
BG321,Veliko Tarnovo
BG322,Gabrovo
BG323,Ruse
BG324,Razgrad
BG325,Silistra
BG33,Severoiztochen
BG331,Varna
BG332,Dobrich
BG333,Shumen
BG334,Targovishte
BG34,Yugoiztochen
BG341,Burgas
BG342,Sliven
BG343,Yambol
BG344,Stara Zagora
BG4,YUGOZAPADNA I YUZHNA TSENTRALNA BULGARIA
BG41,Yugozapaden
BG411,Sofia (stolitsa)
BG412,Sofia
BG413,Blagoevgrad
BG414,Pernik
BG415,Kyustendil
BG42,Yuzhen tsentralen
BG421,Plovdiv
BG422,Haskovo
BG423,Pazardzhik
BG424,Smolyan
BG425,Kardzhali
CH,SCHWEIZ/SUISSE/SVIZZERA
CH0,SCHWEIZ/SUISSE/SVIZZERA
CH01,Region lemanique
CH011,Vaud
CH012,Valais
CH013,Geneve
CH02,Espace Mittelland
CH021,Bern
CH022,Freiburg
CH023,Solothurn
CH024,Neuchatel
CH025,Jura
CH03,Nordwestschweiz
CH031,Basel-Stadt
CH032,Basel-Landschaft
CH033,Aargau
CH04,Zurich
CH040,Zurich
CH05,Ostschweiz
CH051,Glarus
CH052,Schaffhausen
CH053,Appenzell Ausserrhoden
CH054,Appenzell Innerrhoden
CH055,St. Gallen
CH056,Graubunden
CH057,Thurgau
CH06,Zentralschweiz
CH061,Luzern
CH062,Uri
CH063,Schwyz
CH064,Obwalden
CH065,Nidwalden
CH066,Zug
CH07,Ticino
CH070,Ticino
CY,KYPROS
CY0,KYPROS
CY00,Kypros
CY000,Kypros
CZ,CESKA REPUBLIKA
CZ0,CESKA REPUBLIKA
CZ01,Praha
CZ010,Hlavni mesto Praha
CZ02,Stredni Cechy
CZ020,Stredocesky kraj
CZ03,Jihozapad
CZ031,Jihocesky kraj
CZ032,Plzensky kraj
CZ04,Severozapad
CZ041,Karlovarsky kraj
CZ042,Ustecky kraj
CZ05,Severovychod
CZ051,Liberecky kraj
CZ052,Kralovehradecky kraj
CZ053,Pardubicky kraj
CZ06,Jihovychod
CZ063,Kraj Vysocina
CZ064,Jihomoravsky kraj
CZ07,Stredni Morava
CZ071,Olomoucky kraj
CZ072,Zlinsky kraj
CZ08,Moravskoslezsko
CZ080,Moravskoslezsky kraj
DE,DEUTSCHLAND
DE1,BADEN-WURTTEMBERG
DE11,Stuttgart
DE111,"Stuttgart, Stadtkreis"
DE112,Boblingen
DE113,Esslingen
DE114,Goppingen
DE115,Ludwigsburg
DE116,Rems-Murr-Kreis
DE117,"Heilbronn, Stadtkreis"
DE118,"Heilbronn, Landkreis"
DE119,Hohenlohekreis
DE11A,Schwabisch Hall
DE11B,Main-Tauber-Kreis
DE11C,Heidenheim
DE11D,Ostalbkreis
DE12,Karlsruhe
DE121,"Baden-Baden, Stadtkreis"
DE122,"Karlsruhe, Stadtkreis"
DE123,"Karlsruhe, Landkreis"
DE124,Rastatt
DE125,"Heidelberg, Stadtkreis"
DE126,"Mannheim, Stadtkreis"
DE127,Neckar-Odenwald-Kreis
DE128,Rhein-Neckar-Kreis
DE129,"Pforzheim, Stadtkreis"
DE12A,Calw
DE12B,Enzkreis
DE12C,Freudenstadt
DE13,Freiburg
DE131,"Freiburg im Breisgau, Stadtkreis"
DE132,Breisgau-Hochschwarzwald
DE133,Emmendingen
DE134,Ortenaukreis
DE135,Rottweil
DE136,Schwarzwald-Baar-Kreis
DE137,Tuttlingen
DE138,Konstanz
DE139,Lorrach
DE13A,Waldshut
DE14,Tubingen
DE141,Reutlingen
DE142,"Tubingen, Landkreis"
DE143,Zollernalbkreis
DE144,"Ulm, Stadtkreis"
DE145,Alb-Donau-Kreis
DE146,Biberach
DE147,Bodenseekreis
DE148,Ravensburg
DE149,Sigmaringen
DE2,BAYERN
DE21,Oberbayern
DE211,"Ingolstadt, Kreisfreie Stadt"
DE212,"Munchen, Kreisfreie Stadt"
DE213,"Rosenheim, Kreisfreie Stadt"
DE214,Altotting
DE215,Berchtesgadener Land
DE216,Bad Tolz-Wolfratshausen
DE217,Dachau
DE218,Ebersberg
DE219,Eichstatt
DE21A,Erding
DE21B,Freising
DE21C,Furstenfeldbruck
DE21D,Garmisch-Partenkirchen
DE21E,Landsberg am Lech
DE21F,Miesbach
DE21G,Muhldorf a. Inn
DE21H,"Munchen, Landkreis"
DE21I,Neuburg-Schrobenhausen
DE21J,Pfaffenhofen a. d. Ilm
DE21K,"Rosenheim, Landkreis"
DE21L,Starnberg
DE21M,Traunstein
DE21N,Weilheim-Schongau
DE22,Niederbayern
DE221,"Landshut, Kreisfreie Stadt"
DE222,"Passau, Kreisfreie Stadt"
DE223,"Straubing, Kreisfreie Stadt"
DE224,Deggendorf
DE225,Freyung-Grafenau
DE226,Kelheim
DE227,"Landshut, Landkreis"
DE228,"Passau, Landkreis"
DE229,Regen
DE22A,Rottal-Inn
DE22B,Straubing-Bogen
DE22C,Dingolfing-Landau
DE23,Oberpfalz
DE231,"Amberg, Kreisfreie Stadt"
DE232,"Regensburg, Kreisfreie Stadt"
DE233,"Weiden i. d. Opf, Kreisfreie Stadt"
DE234,Amberg-Sulzbach
DE235,Cham
DE236,Neumarkt i. d. Opf.
DE237,Neustadt a. d. Waldnaab
DE238,"Regensburg, Landkreis"
DE239,Schwandorf
DE23A,Tirschenreuth
DE24,Oberfranken
DE241,"Bamberg, Kreisfreie Stadt"
DE242,"Bayreuth, Kreisfreie Stadt"
DE243,"Coburg, Kreisfreie Stadt"
DE244,"Hof, Kreisfreie Stadt"
DE245,"Bamberg, Landkreis"
DE246,"Bayreuth, Landkreis"
DE247,"Coburg, Landkreis"
DE248,Forchheim
DE249,"Hof, Landkreis"
DE24A,Kronach
DE24B,Kulmbach
DE24C,Lichtenfels
DE24D,Wunsiedel i. Fichtelgebirge
DE25,Mittelfranken
DE251,"Ansbach, Kreisfreie Stadt"
DE252,"Erlangen, Kreisfreie Stadt"
DE253,"Furth, Kreisfreie Stadt"
DE254,"Nurnberg, Kreisfreie Stadt"
DE255,"Schwabach, Kreisfreie Stadt"
DE256,"Ansbach, Landkreis"
DE257,Erlangen-Hochstadt
DE258,"Furth, Landkreis"
DE259,Nurnberger Land
DE25A,Neustadt a. d. Aisch-Bad Windsheim
DE25B,Roth
DE25C,Weissenburg-Gunzenhausen
DE26,Unterfranken
DE261,"Aschaffenburg, Kreisfreie Stadt"
DE262,"Schweinfurt, Kreisfreie Stadt"
DE263,"Wurzburg, Kreisfreie Stadt"
DE264,"Aschaffenburg, Landkreis"
DE265,Bad Kissingen
DE266,Rhon-Grabfeld
DE267,Hassberge
DE268,Kitzingen
DE269,Miltenberg
DE26A,Main-Spessart
DE26B,"Schweinfurt, Landkreis"
DE26C,"Wurzburg, Landkreis"
DE27,Schwaben
DE271,"Augsburg, Kreisfreie Stadt"
DE272,"Kaufbeuren, Kreisfreie Stadt"
DE273,"Kempten (Allgau), Kreisfreie Stadt"
DE274,"Memmingen, Kreisfreie Stadt"
DE275,Aichach-Friedberg
DE276,"Augsburg, Landkreis"
DE277,Dillingen a.d. Donau
DE278,Gunzburg
DE279,Neu-Ulm
DE27A,Lindau (Bodensee)
DE27B,Ostallgau
DE27C,Unterallgau
DE27D,Donau-Ries
DE27E,Oberallgau
DE3,BERLIN
DE30,Berlin
DE300,Berlin
DE4,BRANDENBURG
DE40,Brandenburg
DE401,"Brandenburg an der Havel, Kreisfreie Stadt"
DE402,"Cottbus, Kreisfreie Stadt"
DE403,"Frankfurt (Oder), Kreisfreie Stadt"
DE404,"Potsdam, Kreisfreie Stadt"
DE405,Barnim
DE406,Dahme-Spreewald
DE407,Elbe-Elster
DE408,Havelland
DE409,Markisch-Oderland
DE40A,Oberhavel
DE40B,Oberspreewald-Lausitz
DE40C,Oder-Spree
DE40D,Ostprignitz-Ruppin
DE40E,Potsdam-Mittelmark
DE40F,Prignitz
DE40G,Spree-Neisse
DE40H,Teltow-Flaming
DE40I,Uckermark
DE5,BREMEN
DE50,Bremen
DE501,"Bremen, Kreisfreie Stadt"
DE502,"Bremerhaven, Kreisfreie Stadt"
DE6,HAMBURG
DE60,Hamburg
DE600,Hamburg
DE7,HESSEN
DE71,Darmstadt
DE711,"Darmstadt, Kreisfreie Stadt"
DE712,"Frankfurt am Main, Kreisfreie Stadt"
DE713,"Offenbach am Main, Kreisfreie Stadt"
DE714,"Wiesbaden, Kreisfreie Stadt"
DE715,Bergstrasse
DE716,Darmstadt-Dieburg
DE717,Gross-Gerau
DE718,Hochtaunuskreis
DE719,Main-Kinzig-Kreis
DE71A,Main-Taunus-Kreis
DE71B,Odenwaldkreis
DE71C,"Offenbach, Landkreis"
DE71D,Rheingau-Taunus-Kreis
DE71E,Wetteraukreis
DE72,Giessen
DE721,"Giessen, Landkreis"
DE722,Lahn-Dill-Kreis
DE723,Limburg-Weilburg
DE724,Marburg-Biedenkopf
DE725,Vogelsbergkreis
DE73,Kassel
DE731,"Kassel, Kreisfreie Stadt"
DE732,Fulda
DE733,Hersfeld-Rotenburg
DE734,"Kassel, Landkreis"
DE735,Schwalm-Eder-Kreis
DE736,Waldeck-Frankenberg
DE737,Werra-Meissner-Kreis
DE8,MECKLENBURG-VORPOMMERN
DE80,Mecklenburg-Vorpommern
DE803,"Rostock, Kreisfreie Stadt"
DE804,"Schwerin, Kreisfreie Stadt"
DE80J,Mecklenburgische Seenplatte
DE80K,Landkreis Rostock
DE80L,Vorpommern-Rugen
DE80M,Nordwestmecklenburg
DE80N,Vorpommern-Greifswald
DE80O,Ludwigslust-Parchim
DE9,NIEDERSACHSEN
DE91,Braunschweig
DE911,"Braunschweig, Kreisfreie Stadt"
DE912,"Salzgitter, Kreisfreie Stadt"
DE913,"Wolfsburg, Kreisfreie Stadt"
DE914,Gifhorn
DE915,Gottingen
DE916,Goslar
DE917,Helmstedt
DE918,Northeim
DE919,Osterode am Harz
DE91A,Peine
DE91B,Wolfenbuttel
DE92,Hannover
DE922,Diepholz
DE923,Hameln-Pyrmont
DE925,Hildesheim
DE926,Holzminden
DE927,Nienburg (Weser)
DE928,Schaumburg
DE929,Region Hannover
DE93,Luneburg
DE931,Celle
DE932,Cuxhaven
DE933,Harburg
DE934,Luchow-Dannenberg
DE935,"Luneburg, Landkreis"
DE936,Osterholz
DE937,Rotenburg (Wumme)
DE938,Heidekreis
DE939,Stade
DE93A,Uelzen
DE93B,Verden
DE94,Weser-Ems
DE941,"Delmenhorst, Kreisfreie Stadt"
DE942,"Emden, Kreisfreie Stadt"
DE943,"Oldenburg (Oldenburg), Kreisfreie Stadt"
DE944,"Osnabruck, Kreisfreie Stadt"
DE945,"Wilhelmshaven, Kreisfreie Stadt"
DE946,Ammerland
DE947,Aurich
DE948,Cloppenburg
DE949,Emsland
DE94A,Friesland (DE)
DE94B,Grafschaft Bentheim
DE94C,Leer
DE94D,"Oldenburg, Landkreis"
DE94E,"Osnabruck, Landkreis"
DE94F,Vechta
DE94G,Wesermarsch
DE94H,Wittmund
DEA,NORDRHEIN-WESTFALEN
DEA1,Dusseldorf
DEA11,"Dusseldorf, Kreisfreie Stadt"
DEA12,"Duisburg, Kreisfreie Stadt"
DEA13,"Essen, Kreisfreie Stadt"
DEA14,"Krefeld, Kreisfreie Stadt"
DEA15,"Monchengladbach, Kreisfreie Stadt"
DEA16,"Mulheim an der Ruhr,Kreisfreie Stadt"
DEA17,"Oberhausen, Kreisfreie Stadt"
DEA18,"Remscheid, Kreisfreie Stadt"
DEA19,"Solingen, Kreisfreie Stadt"
DEA1A,"Wuppertal, Kreisfreie Stadt"
DEA1B,Kleve
DEA1C,Mettmann
DEA1D,Rhein-Kreis Neuss
DEA1E,Viersen
DEA1F,Wesel
DEA2,Koln
DEA22,"Bonn, Kreisfreie Stadt"
DEA23,"Koln, Kreisfreie Stadt"
DEA24,"Leverkusen, Kreisfreie Stadt"
DEA26,Duren
DEA27,Rhein-Erft-Kreis
DEA28,Euskirchen
DEA29,Heinsberg
DEA2A,Oberbergischer Kreis
DEA2B,Rheinisch-Bergischer Kreis
DEA2C,Rhein-Sieg-Kreis
DEA2D,Stadteregion Aachen
DEA3,Munster
DEA31,"Bottrop, Kreisfreie Stadt"
DEA32,"Gelsenkirchen, Kreisfreie Stadt"
DEA33,"Munster, Kreisfreie Stadt"
DEA34,Borken
DEA35,Coesfeld
DEA36,Recklinghausen
DEA37,Steinfurt
DEA38,Warendorf
DEA4,Detmold
DEA41,"Bielefeld, Kreisfreie Stadt"
DEA42,Gutersloh
DEA43,Herford
DEA44,Hoxter
DEA45,Lippe
DEA46,Minden-Lubbecke
DEA47,Paderborn
DEA5,Arnsberg
DEA51,"Bochum, Kreisfreie Stadt"
DEA52,"Dortmund, Kreisfreie Stadt"
DEA53,"Hagen, Kreisfreie Stadt"
DEA54,"Hamm, Kreisfreie Stadt"
DEA55,"Herne, Kreisfreie Stadt"
DEA56,Ennepe-Ruhr-Kreis
DEA57,Hochsauerlandkreis
DEA58,Markischer Kreis
DEA59,Olpe
DEA5A,Siegen-Wittgenstein
DEA5B,Soest
DEA5C,Unna
DEB,RHEINLAND-PFALZ
DEB1,Koblenz
DEB11,"Koblenz, Kreisfreie Stadt"
DEB12,Ahrweiler
DEB13,Altenkirchen (Westerwald)
DEB14,Bad Kreuznach
DEB15,Birkenfeld
DEB16,Cochem-Zell
DEB17,Mayen-Koblenz
DEB18,Neuwied
DEB19,Rhein-Hunsruck-Kreis
DEB1A,Rhein-Lahn-Kreis
DEB1B,Westerwaldkreis
DEB2,Trier
DEB21,"Trier, Kreisfreie Stadt"
DEB22,Bernkastel-Wittlich
DEB23,Eifelkreis Bitburg-Prum
DEB24,Vulkaneifel
DEB25,Trier-Saarburg
DEB3,Rheinhessen-Pfalz
DEB31,"Frankenthal (Pfalz), Kreisfreie Stadt"
DEB32,"Kaiserslautern, Kreisfreie Stadt"
DEB33,"Landau in der Pfalz, Kreisfreie Stadt"
DEB34,"Ludwigshafen am Rhein, Kreisfreie Stadt"
DEB35,"Mainz, Kreisfreie Stadt"
DEB36,"Neustadt an der Weinstrasse, Kreisfreie Stadt"
DEB37,"Pirmasens, Kreisfreie Stadt"
DEB38,"Speyer, Kreisfreie Stadt"
DEB39,"Worms, Kreisfreie Stadt"
DEB3A,"Zweibrucken, Kreisfreie Stadt"
DEB3B,Alzey-Worms
DEB3C,Bad Durkheim
DEB3D,Donnersbergkreis
DEB3E,Germersheim
DEB3F,"Kaiserslautern, Landkreis"
DEB3G,Kusel
DEB3H,Sudliche Weinstrasse
DEB3I,Rhein-Pfalz-Kreis
DEB3J,Mainz-Bingen
DEB3K,Sudwestpfalz
DEC,SAARLAND
Dec-01,Regionalverband Saarbrucken
DEC00,Saarland
DEC02,Merzig-Wadern
DEC03,Neunkirchen
DEC04,Saarlouis
DEC05,Saarpfalz-Kreis
DEC06,St. Wendel
DED,SACHSEN
DED2,Dresden
DED21,"Dresden, Kreisfreie Stadt"
DED2C,Bautzen
DED2D,Gorlitz
DED2E,Meissen
DED2F,Sachsische Schweiz-Osterzgebirge
DED4,Chemnitz
DED41,"Chemnitz, Kreisfreie Stadt"
DED42,Erzgebirgskreis
DED43,Mittelsachsen
DED44,Vogtlandkreis
DED45,Zwickau
DED5,Leipzig
DED51,"Leipzig, Kreisfreie Stadt"
DED52,Leipzig
DED53,Nordsachsen
DEE,SACHSEN-ANHALT
DEE0,Sachsen-Anhalt
DEE01,"Dessau-Rosslau, Kreisfreie Stadt"
DEE02,"Halle (Saale), Kreisfreie Stadt"
DEE03,"Magdeburg, Kreisfreie Stadt"
DEE04,Altmarkkreis Salzwedel
DEE05,Anhalt-Bitterfeld
DEE06,Jerichower Land
DEE07,Borde
DEE08,Burgenland (DE)
DEE09,Harz
DEE0A,Mansfeld-Sudharz
DEE0B,Saalekreis
DEE0C,Salzlandkreis
DEE0D,Stendal
DEE0E,Wittenberg
DEF,SCHLESWIG-HOLSTEIN
DEF0,Schleswig-Holstein
DEF01,"Flensburg, Kreisfreie Stadt"
DEF02,"Kiel, Kreisfreie Stadt"
DEF03,"Lubeck, Kreisfreie Stadt"
DEF04,"Neumunster, Kreisfreie Stadt"
DEF05,Dithmarschen
DEF06,Herzogtum Lauenburg
DEF07,Nordfriesland
DEF08,Ostholstein
DEF09,Pinneberg
DEF0A,Plon
DEF0B,Rendsburg-Eckernforde
DEF0C,Schleswig-Flensburg
DEF0D,Segeberg
DEF0E,Steinburg
DEF0F,Stormarn
DEG,THURINGEN
DEG0,Thuringen
DEG01,"Erfurt, Kreisfreie Stadt"
DEG02,"Gera, Kreisfreie Stadt"
DEG03,"Jena, Kreisfreie Stadt"
DEG04,"Suhl, Kreisfreie Stadt"
DEG05,"Weimar, Kreisfreie Stadt"
DEG06,Eichsfeld
DEG07,Nordhausen
DEG09,Unstrut-Hainich-Kreis
DEG0A,Kyffhauserkreis
DEG0B,Schmalkalden-Meiningen
DEG0C,Gotha
DEG0D,Sommerda
DEG0E,Hildburghausen
DEG0F,Ilm-Kreis
DEG0G,Weimarer Land
DEG0H,Sonneberg
DEG0I,Saalfeld-Rudolstadt
DEG0J,Saale-Holzland-Kreis
DEG0K,Saale-Orla-Kreis
DEG0L,Greiz
DEG0M,Altenburger Land
DEG0N,"Eisenach, Kreisfreie Stadt"
DEG0P,Wartburgkreis
DK,DANMARK
DK0,DANMARK
DK01,Hovedstaden
DK011,Byen Kobenhavn
DK012,Kobenhavns Omegn
DK013,Nordsjaelland
DK014,Bornholm
DK02,Sjaelland
DK021,Ostsjaelland
DK022,Vest- og Sydsjaelland
DK03,Syddanmark
DK031,Fyn
DK032,Sydjylland
DK04,Midtjylland
DK041,Vestjylland
DK042,Ostjylland
DK05,Nordjylland
DK050,Nordjylland
EE,EESTI
EE0,EESTI
EE00,Eesti
EE001,Pohja-Eesti
EE004,Laane-Eesti
EE006,Kesk-Eesti
EE007,Kirde-Eesti
EE008,Louna-Eesti
EL,ELLADA
EL3,ATTIKI
EL30,Attiki
EL301,Boreios Tomeas Athinon
EL302,Ditikos Tomeas Athinon 
EL303,Kentrikos Tomeas Athinon
EL304,Notios Tomeas Athinon
EL305,Anatoliki Attiki
EL306,Ditiki Attiki
EL307,"Peiraias, Nisoi"
EL4,"NISIA AIGAIOU, KRITI"
EL41,Boreio Aigaio
EL411,"Lesbos, Limnos"
EL412,"Ikaria, Samos"
EL413,Xios
EL42,Notio Aigaio
EL421,"Kalimnos, Karpathos, Kos, Rodos"
EL422,"Andros, Thira, Kea, Milos, Mikonos, Naxos, Paros, Siros, Tinos"
EL43,Kriti
EL431,Irakleio
EL432,Lasithi
EL433,Rethimni
EL434,Xania
EL5,VOREIA ELLADA
EL51,"Anatoliki Makedonia, Thraki"
EL511,Ebros
EL512,Xanthi
EL513,Rodopi
EL514,Drama
EL515,"Thasos, Kabala"
EL52,Kentriki Makedonia
EL521,Imathia
EL522,Thessaloniki
EL523,Kilkis
EL524,Pella
EL525,Pieria
EL526,Serres
EL527,Xalkidiki
EL53,Ditiki Makedonia
EL531,"Grebena, Kozani"
EL532,Kastoria
EL533,Florina
EL54,Ipeiros
EL541,"Arta, Prebeza"
EL542,Thesprotia
EL543,Ioannina
EL6,KENTRIKI ELLADA
EL61,Thessalia
EL611,"Karditsa, Trikala"
EL612,Larisa
EL613,Magnisia
EL62,Ionia Nisia
EL621,Zakinthos
EL622,Kerkira
EL623,"Ithaki, Kefallinia"
EL624,Leikada
EL63,Ditiki Ellada
EL631,Aitoloakarnania
EL632,AxaIa
EL633,Ileia
EL64,Sterea Ellada
EL641,Boiotia
EL642,Eiboia
EL643,Eiritania
EL644,Fthiotida
EL645,Fokida
EL65,Peloponnisos
EL651,"Argolida, Arkadia"
EL652,Korinthia
EL653,"Lakonia, Messinia"
ES,ESPANA
ES1,NOROESTE
ES11,Galicia
ES111,A Coruna
ES112,Lugo
ES113,Ourense
ES114,Pontevedra
ES12,Principado de Asturias
ES120,Asturias
ES13,Cantabria
ES130,Cantabria
ES2,NORESTE
ES21,Pais Vasco
ES211,Araba/Alava
ES212,Gipuzkoa
ES213,Bizkaia
ES22,Comunidad Foral de Navarra
ES220,Navarra
ES23,La Rioja
ES230,La Rioja
ES24,Aragon
ES241,Huesca
ES242,Teruel
ES243,Zaragoza
ES3,COMUNIDAD DE MADRID
ES30,Comunidad de Madrid
ES300,Madrid
ES4,CENTRO (ES)
ES41,Castilla Y Leon
ES411,Avila
ES412,Burgos
ES413,Leon
ES414,Palencia
ES415,Salamanca
ES416,Segovia
ES417,Soria
ES418,Valladolid
ES419,Zamora
ES42,Castilla-La Mancha
ES421,Albacete
ES422,Ciudad Real
ES423,Cuenca
ES424,Guadalajara
ES425,Toledo
ES43,Extremadura
ES431,Badajoz
ES432,Caceres
ES5,ESTE
ES51,Cataluna
ES511,Barcelona
ES512,Girona
ES513,Lleida
ES514,Tarragona
ES52,Comunidad Valenciana
ES521,Alicante / Alacant
ES522,Castellon / Castello
ES523,Valencia / Valencia
ES53,Illes Balears
ES531,Eivissa Y Formentera
ES532,Mallorca
ES533,Menorca
ES6,SUR
ES61,Andalucia
ES611,Almeria
ES612,Cadiz
ES613,Cordoba
ES614,Granada
ES615,Huelva
ES616,Jaen
ES617,Malaga
ES618,Sevilla
ES62,Region de Murcia
ES620,Murcia
ES63,Ciudad Autonoma de Ceuta
ES630,Ceuta
ES64,Ciudad Autonoma de Melilla
ES640,Melilla
ES7,CANARIAS
ES70,Canarias
ES703,El Hierro
ES704,Fuerteventura
ES705,Gran Canaria
ES706,La Gomera
ES707,La Palma
ES708,Lanzarote
ES709,Tenerife
FI,SUOMI / FINLAND
FI1,MANNER-SUOMI
FI19,Lansi-Suomi
FI193,Keski-Suomi
FI194,Etela-Pohjanmaa
FI195,Pohjanmaa
FI196,Satakunta
FI197,Pirkanmaa
FI1B,Helsinki-Uusimaa
FI1B1,Helsinki-Uusimaa
FI1C,Etela-Suomi
FI1C1,Varsinais-Suomi
FI1C2,Kanta-Hame
FI1C3,Paijat-Hame
FI1C4,Kymenlaakso
FI1C5,Etela-Karjala
FI1D,Pohjois- Ja Ita-Suomi
FI1D1,Etela-Savo
FI1D2,Pohjois-Savo
FI1D3,Pohjois-Karjala
FI1D4,Kainuu
FI1D5,Keski-Pohjanmaa
FI1D6,Pohjois-Pohjanmaa
FI1D7,Lappi
FI2,ALAND
FI20,Aland
FI200,Aland
FR,FRANCE
FR1,ILE DE FRANCE
FR10,Ile de France
FR101,Paris
FR102,Seine-et-Marne
FR103,Yvelines
FR104,Essonne
FR105,Hauts-de-Seine
FR106,Seine-Saint-Denis
FR107,Val-de-Marne
FR108,Val-d'Oise
FR2,BASSIN PARISIEN
FR21,Champagne-Ardenne
FR211,Ardennes
FR212,Aube
FR213,Marne
FR214,Haute-Marne
FR22,Picardie
FR221,Aisne
FR222,Oise
FR223,Somme
FR23,Haute-Normandie
FR231,Eure
FR232,Seine-Maritime
FR24,Centre
FR241,Cher
FR242,Eure-et-Loir
FR243,Indre
FR244,Indre-et-Loire
FR245,Loir-et-Cher
FR246,Loiret
FR25,Basse-Normandie
FR251,Calvados
FR252,Manche
FR253,Orne
FR26,Bourgogne
FR261,Cote-d'Or
FR262,Nievre
FR263,Saone-et-Loire
FR264,Yonne
FR3,NORD - PAS-DE-CALAIS
FR30,Nord - Pas-de-Calais
FR301,Nord
FR302,Pas-de-Calais
FR4,Est
FR41,Lorraine
FR411,Meurthe-et-Moselle
FR412,Meuse
FR413,Moselle
FR414,Vosges
FR42,Alsace
FR421,Bas-Rhin
FR422,Haut-Rhin
FR43,Franche-Comte
FR431,Doubs
FR432,Jura
FR433,Haute-Saone
FR434,Territoire de Belfort
FR5,OUEST
FR51,Pays de la Loire
FR511,Loire-Atlantique
FR512,Maine-et-Loire
FR513,Mayenne
FR514,Sarthe
FR515,Vendee
FR52,Bretagne
FR521,Cotes-d'Armor
FR522,Finistere
FR523,Ille-et-Vilaine
FR524,Morbihan
FR53,Poitou-Charentes
FR531,Charente
FR532,Charente-Maritime
FR533,Deux-Sevres
FR534,Vienne
FR6,SUD-OUEST
FR61,Aquitaine
FR611,Dordogne
FR612,Gironde
FR613,Landes
FR614,Lot-et-Garonne
FR615,Pyrenees-Atlantiques
FR62,Midi-Pyrenees
FR621,Ariege
FR622,Aveyron
FR623,Haute-Garonne
FR624,Gers
FR625,Lot
FR626,Hautes-Pyrenees
FR627,Tarn
FR628,Tarn-et-Garonne
FR63,Limousin
FR631,Correze
FR632,Creuse
FR633,Haute-Vienne
FR7,CENTRE-EST
FR71,Rhone-Alpes
FR711,Ain
FR712,Ardeche
FR713,Drome
FR714,Isere
FR715,Loire
FR716,Rhone
FR717,Savoie
FR718,Haute-Savoie
FR72,Auvergne
FR721,Allier
FR722,Cantal
FR723,Haute-Loire
FR724,Puy-de-Dome
FR8,MEDITERRANEE
FR81,Languedoc-Roussillon
FR811,Aude
FR812,Gard
FR813,Herault
FR814,Lozere
FR815,Pyrenees-Orientales
FR82,Provence-Alpes-Cote d'Azur
FR821,Alpes-de-Haute-Provence
FR822,Hautes-Alpes
FR823,Alpes-Maritimes
FR824,Bouches-du-Rhone
FR825,Var
FR826,Vaucluse
FR83,Corse
FR831,Corse-du-Sud
FR832,Haute-Corse
FRA,DEPARTEMENTS D'OUTRE-MER
FRA1,Guadeloupe
FRA10,Guadeloupe
FRA2,Martinique
FRA20,Martinique
FRA3,Guyane
FRA30,Guyane
FRA4,La Reunion
FRA40,La Reunion
FRA5,Mayotte
FRA50,Mayotte
HR,HRVATSKA
HR0,HRVATSKA
HR03,Jadranska Hrvatska
HR031,Primorsko-Goranska Zupanija
HR032,Licko-Senjska Zupanija
HR033,Zadarska Zupanija
HR034,Sibensko-Kninska Zupanija
HR035,Splitsko-Dalmatinska Zupanija
HR036,Istarska Zupanija
HR037,Dubrovacko-Neretvanska Zupanija
HR04,Kontinentalna Hrvatska
HR041,Grad Zagreb
HR042,Zagrebacka Zupanija
HR043,Krapinsko-Zagorska Zupanija
HR044,Varazdinska Zupanija
HR045,Koprivnicko-Krizevacka Zupanija
HR046,Medimurska Zupanija
HR047,Bjelovarsko-Bilogorska Zupanija
HR048,Viroviticko-Podravska Zupanija
HR049,Pozesko-Slavonska Zupanija
HR04A,Brodsko-Posavska Zupanija
HR04B,Osjecko-Baranjska Zupanija
HR04C,Vukovarsko-Srijemska Zupanija
HR04D,Karlovacka Zupanija
HR04E,Sisacko-Moslavacka Zupanija
HU,MAGYARORSZAG
HU1,KOZEP-MAGYARORSZAG
HU10,Kozep-Magyarorszag
HU101,Budapest
HU102,Pest
HU2,DUNANTUL
HU21,Kozep-Dunantul
HU211,Fejer
HU212,Komarom-Esztergom
HU213,Veszprem
HU22,Nyugat-Dunantul
HU221,Gyor-Moson-Sopron
HU222,Vas
HU223,Zala
HU23,Del-Dunantul
HU231,Baranya
HU232,Somogy
HU233,Tolna
HU3,ALFOLD ES ESZAK
HU31,Eszak-Magyarorszag
HU311,Borsod-Abauj-Zemplen
HU312,Heves
HU313,Nograd
HU32,Eszak-Alfold
HU321,Hajdu-Bihar
HU322,Jasz-Nagykun-Szolnok
HU323,Szabolcs-Szatmar-Bereg
HU33,Del-Alfold
HU331,Bacs-Kiskun
HU332,Bekes
HU333,Csongrad
IE,IRELAND
IE0,IRELAND
IE01,"Border, Midland and Western"
IE011,Border
IE012,Midland
IE013,West
IE02,Southern and Eastern
IE021,Dublin
IE022,Mid-East
IE023,Mid-West
IE024,South-East (IE)
IE025,South-West (IE)
IS,ISLAND
IS0,ISLAND
IS00,Island
IS001,Hofudborgarsvaedi
IS002,Landsbyggd
IT,ITALIA
ITC,NORD-OVEST
ITC1,Piemonte
ITC11,Torino
ITC12,Vercelli
ITC13,Biella
ITC14,Verbano-Cusio-Ossola
ITC15,Novara
ITC16,Cuneo
ITC17,Asti
ITC18,Alessandria
ITC2,Valle d'Aosta/Vallee D'Aoste
ITC20,Valle d'Aosta/Vallee D'Aoste
ITC3,Liguria
ITC31,Imperia
ITC32,Savona
ITC33,Genova
ITC34,La Spezia
ITC4,Lombardia
ITC41,Varese
ITC42,Como
ITC43,Lecco
ITC44,Sondrio
ITC46,Bergamo
ITC47,Brescia
ITC48,Pavia
ITC49,Lodi
ITC4A,Cremona
ITC4B,Mantova
ITC4C,Milano
ITC4D,Monza e della Brianza
ITF,SUD
ITF1,Abruzzo
ITF11,L'Aquila
ITF12,Teramo
ITF13,Pescara
ITF14,Chieti
ITF2,Molise
ITF21,Isernia
ITF22,Campobasso
ITF3,Campania
ITF31,Caserta
ITF32,Benevento
ITF33,Napoli
ITF34,Avellino
ITF35,Salerno
ITF4,Puglia
ITF43,Taranto
ITF44,Brindisi
ITF45,Lecce
ITF46,Foggia
ITF47,Bari
ITF48,Barletta-Andria-Trani
ITF5,Basilicata
ITF51,Potenza
ITF52,Matera
ITF6,Calabria
ITF61,Cosenza
ITF62,Crotone
ITF63,Catanzaro
ITF64,Vibo Valentia
ITF65,Reggio di Calabria
ITG,ISOLE
ITG1,Sicilia
ITG11,Trapani
ITG12,Palermo
ITG13,Messina
ITG14,Agrigento
ITG15,Caltanissetta
ITG16,Enna
ITG17,Catania
ITG18,Ragusa
ITG19,Siracusa
ITG2,Sardegna
ITG25,Sassari
ITG26,Nuoro
ITG27,Cagliari
ITG28,Oristano
ITG29,Olbia-Tempio
ITG2A,Ogliastra
ITG2B,Medio Campidano
ITG2C,Carbonia-Iglesias
ITH,NORD-EST
ITH1,Provincia Autonoma di Bolzano/Bozen
ITH10,Bolzano-Bozen
ITH2,Provincia Autonoma di Trento
ITH20,Trento
ITH3,Veneto
ITH31,Verona
ITH32,Vicenza
ITH33,Belluno
ITH34,Treviso
ITH35,Venezia
ITH36,Padova
ITH37,Rovigo
ITH4,Friuli-Venezia Giulia
ITH41,Pordenone
ITH42,Udine
ITH43,Gorizia
ITH44,Trieste
ITH5,Emilia-Romagna
ITH51,Piacenza
ITH52,Parma
ITH53,Reggio Nell'Emilia
ITH54,Modena
ITH55,Bologna
ITH56,Ferrara
ITH57,Ravenna
ITH58,Forli-Cesena
ITH59,Rimini
ITI,CENTRO (IT)
ITI1,Toscana
ITI11,Massa-Carrara
ITI12,Lucca
ITI13,Pistoia
ITI14,Firenze
ITI15,Prato
ITI16,Livorno
ITI17,Pisa
ITI18,Arezzo
ITI19,Siena
ITI1A,Grosseto
ITI2,Umbria
ITI21,Perugia
ITI22,Terni
ITI3,Marche
ITI31,Pesaro E Urbino
ITI32,Ancona
ITI33,Macerata
ITI34,Ascoli Piceno
ITI35,Fermo
ITI4,Lazio
ITI41,Viterbo
ITI42,Rieti
ITI43,Roma
ITI44,Latina
ITI45,Frosinone
LI,LIECHTENSTEIN
LI0,LIECHTENSTEIN
LI00,Liechtenstein
LI000,Liechtenstein
LT,LIETUVA
LT0,LIETUVA
LT00,Lietuva
LT001,Alytaus apskritis
LT002,Kauno apskritis
LT003,Klaipedos apskritis
LT004,Marijampoles apskritis
LT005,Panevezio apskritis
LT006,Siauliu apskritis
LT007,Taurages apskritis
LT008,Telsiu apskritis
LT009,Utenos apskritis
LT00A,Vilniaus apskritis
LU,LUXEMBOURG
LU0,LUXEMBOURG
LU00,Luxembourg
LU000,Luxembourg
LV,LATVIJA
LV0,LATVIJA
LV00,Latvija
LV003,Kurzeme
LV005,Latgale
LV006,Riga
LV007,Pieriga
LV008,Vidzeme
LV009,Zemgale
ME,CRNA GORA
ME0,CRNA GORA
ME00,Crna Gora
ME000,Crna Gora
MK,PORANESNA JUGOSLOVENSKA REPUBLIKA MAKEDONIJA
MK0,PORANESNA JUGOSLOVENSKA REPUBLIKA MAKEDONIJA
MK00,Poranesna jugoslovenska Republika Makedonija
MK001,Vardarski
MK002,Istocen
MK003,Jugozapaden
MK004,Jugoistocen
MK005,Pelagoniski
MK006,Poloski
MK007,Severoistocen
MK008,Skopski
MT,MALTA
MT0,MALTA
MT00,Malta
MT001,Malta
MT002,Gozo and Comino / Ghawdex u Kemmuna
NL,NEDERLAND
NL1,NOORD-NEDERLAND
NL11,Groningen
NL111,Oost-Groningen
NL112,Delfzijl en Omgeving
NL113,Overig Groningen
NL12,Friesland (NL)
NL121,Noord-Friesland
NL122,Zuidwest-Friesland
NL123,Zuidoost-Friesland
NL13,Drenthe
NL131,Noord-Drenthe
NL132,Zuidoost-Drenthe
NL133,Zuidwest-Drenthe
NL2,OOST-NEDERLAND
NL21,Overijssel
NL211,Noord-Overijssel
NL212,Zuidwest-Overijssel
NL213,Twente
NL22,Gelderland
NL221,Veluwe
NL224,Zuidwest-Gelderland
NL225,Achterhoek
NL226,Arnhem/Nijmegen
NL23,Flevoland
NL230,Flevoland
NL3,WEST-NEDERLAND
NL31,Utrecht
NL310,Utrecht
NL32,Noord-Holland
NL321,Kop Van Noord-Holland
NL322,Alkmaar en Omgeving
NL323,Ijmond
NL324,Agglomeratie Haarlem
NL325,Zaanstreek
NL326,Groot-Amsterdam
NL327,Het Gooi en Vechtstreek
NL33,Zuid-Holland
NL332,Agglomeratie 's-Gravenhage
NL333,Delft en Westland
NL337,Agglomeratie Leiden en Bollenstreek
NL338,Oost-Zuid-Holland
NL339,Groot-Rijnmond
NL33A,Zuidoost-Zuid-Holland
NL34,Zeeland
NL341,Zeeuwsch-Vlaanderen
NL342,Overig Zeeland
NL4,ZUID-NEDERLAND
NL41,Noord-Brabant
NL411,West-Noord-Brabant
NL412,Midden-Noord-Brabant
NL413,Noordoost-Noord-Brabant
NL414,Zuidoost-Noord-Brabant
NL42,Limburg (NL)
NL421,Noord-Limburg
NL422,Midden-Limburg
NL423,Zuid-Limburg
NO,NORGE
NO0,NORGE
NO01,Oslo og Akershus
NO011,Oslo
NO012,Akershus
NO02,Hedmark og Oppland
NO021,Hedmark
NO022,Oppland
NO03,Sor-Ostlandet
NO031,Ostfold
NO032,Buskerud
NO033,Vestfold
NO034,Telemark
NO04,Agder og Rogaland
NO041,Aust-Agder
NO042,Vest-Agder
NO043,Rogaland
NO05,Vestlandet
NO051,Hordaland
NO052,Sogn og Fjordane
NO053,More og Romsdal
NO06,Trondelag
NO061,Sor-Trondelag
NO062,Nord-Trondelag
NO07,Nord-Norge
NO071,Nordland
NO072,Troms
NO073,Finnmark
PL,POLSKA
PL1,REGION CENTRALNY
PL11,Lodzkie
PL113,Miasto Lodz
PL114,Lodzki
PL115,Piotrkowski
PL116,Sieradzki
PL117,Skierniewicki
PL12,Mazowieckie
PL127,Miasto Warszawa
PL128,Radomski
PL129,Warszawski wschodni
PL12A,Warszawski zachodni
PL12B,Ciechanowski
PL12C,Plocki
PL12D,Ostrolecki
PL12E,Siedlecki
PL2,REGION POLUDNIOWY
PL21,Malopolskie
PL213,Miasto Krakow
PL214,Krakowski
PL217,Tarnowski
PL218,Nowosadecki
PL219,Nowotarski
PL21A,Oswiecimski
PL22,Slaskie
PL224,Czestochowski
PL225,Bielski
PL227,Rybnicki
PL228,Bytomski
PL229,Gliwicki
PL22A,Katowicki
PL22B,Sosnowiecki
PL22C,Tyski
PL3,REGION WSCHODNI
PL31,Lubelskie
PL311,Bialski
PL312,Chelmsko-zamojski
PL314,Lubelski
PL315,Pulawski
PL32,Podkarpackie
PL323,Krosnienski
PL324,Przemyski
PL325,Rzeszowski
PL326,Tarnobrzeski
PL33,Swietokrzyskie
PL331,Kielecki
PL332,Sandomiersko-jedrzejowski
PL34,Podlaskie
PL343,Bialostocki
PL344,Lomzynski
PL345,Suwalski
PL4,REGION POLNOCNO-ZACHODNI
PL41,Wielkopolskie
PL411,Pilski
PL414,Koninski
PL415,Miasto Poznan
PL416,Kaliski
PL417,Leszczynski
PL418,Poznanski
PL42,Zachodniopomorskie
PL424,Miasto Szczecin
PL426,Koszalinski
PL427,Szczecinecko-pyrzycki
PL428,Szczecinski
PL43,Lubuskie
PL431,Gorzowski
PL432,Zielonogorski
PL5,REGION POLUDNIOWO-ZACHODNI
PL51,Dolnoslaskie
PL514,Miasto Wroclaw
PL515,Jeleniogorski
PL516,Legnicko-Glogowski
PL517,Walbrzyski
PL518,Wroclawski
PL52,Opolskie
PL523,Nyski
PL524,Opolski
PL6,REGION POLNOCNY
PL61,Kujawsko-Pomorskie
PL613,Bydgosko-Torunski
PL616,Grudziadzki
PL617,Inowroclawski
PL618,Swiecki
PL619,Wloclawski
PL62,Warminsko-Mazurskie
PL621,Elblaski
PL622,Olsztynski
PL623,Elcki
PL63,Pomorskie
PL633,Trojmiejski
PL634,Gdanski
PL636,Slupski
PL637,Chojnicki
PL638,Starogardzki
PT,PORTUGAL
PT1,CONTINENTE
PT11,Norte
PT111,Alto Minho
PT112,Cavado
PT119,Ave
PT11A,Area Metropolitana do Porto
PT11B,Alto Tamega
PT11C,Tamega e Sousa
PT11D,Douro
PT11E,Terras de Tras-s-Montes
PT15,Algarve
PT150,Algarve
PT16,Centro (PT)
PT16B,Oeste
PT16D,Regiao de Aveiro
PT16E,Regiao de Coimbra
PT16F,Regiao de Leiria
PT16G,Viseu Dao Lafoes
PT16H,Beira Baixa
PT16I,Medio Tejo
PT16J,Beiras e Serra Da Estrela
PT17,Area Metropolitana de Lisboa
PT170,Area Metropolitana de Lisboa
PT18,Alentejo
PT181,Alentejo Litoral
PT184,Baixo Alentejo
PT185,Leziria do Tejo
PT186,Alto Alentejo
PT187,Alentejo Central
PT2,EGIAO AUTONOMA DOS ACORES
PT20,Regiao Autonoma dos Acores
PT200,Regiao Autonoma dos Acores
PT3,REGIAO AUTONOMA DA MADEIRA
PT30,Regiao Autonoma da Madeira
PT300,Regiao Autonoma da Madeira
RO,ROMANIA
RO1,MACROREGIUNEA UNU
RO11,Nord-Vest
RO111,Bihor
RO112,Bistrita-Nasaud
RO113,Cluj
RO114,Maramures
RO115,Satu Mare
RO116,Salaj
RO12,Centru
RO121,Alba
RO122,Brasov
RO123,Covasna
RO124,Harghita
RO125,Mures
RO126,Sibiu
RO2,MACROREGIUNEA DOI
RO21,Nord-Est
RO211,Bacau
RO212,Botosani
RO213,Iasi
RO214,Neamt
RO215,Suceava
RO216,Vaslui
RO22,Sud-Est
RO221,Braila
RO222,Buzau
RO223,Constanta
RO224,Galati
RO225,Tulcea
RO226,Vrancea
RO3,MACROREGIUNEA TREI
RO31,Sud - Muntenia
RO311,Arges
RO312,Calarasi
RO313,Dambovita
RO314,Giurgiu
RO315,Ialomita
RO316,Prahova
RO317,Teleorman
RO32,Bucuresti - Ilfov
RO321,Bucuresti
RO322,Ilfov
RO4,MACROREGIUNEA PATRU
RO41,Sud-Vest Oltenia
RO411,Dolj
RO412,Gorj
RO413,Mehedinti
RO414,Olt
RO415,Valcea
RO42,Vest
RO421,Arad
RO422,Caras-Severin
RO423,Hunedoara
RO424,Timis
SE,SVERIGE
SE1,OSTRA SVERIGE
SE11,Stockholm
SE110,Stockholms lan
SE12,Ostra Mellansverige
SE121,Uppsala lan
SE122,Sodermanlands lan
SE123,Ostergotlands lan
SE124,Orebro lan
SE125,Vastmanlands lan
SE2,SODRA SVERIGE
SE21,Smaland med oarna
SE211,Jonkopings lan
SE212,Kronobergs lan
SE213,Kronobergs lan
SE214,Gotlands lan
SE22,Sydsverige
SE221,Blekinge lan
SE224,Skane lan
SE23,Vastsverige
SE231,Hallands lan
SE232,Vastra Gotalands lan
SE3,NORRA SVERIGE
SE31,Norra Mellansverige
SE311,Varmlands lan
SE312,Dalarnas lan
SE313,Gavleborgs lan
SE32,Mellersta Norrland
SE321,Vasternorrlands lan
SE322,Jamtlands lan
SE33,Ovre Norrland
SE331,Vasterbottens lan
SE332,Norrbottens lan
SI,SLOVENIJA
SI0,SLOVENIJA
SI03,Vzhodna Slovenija
SI031,Pomurska
SI032,Podravska
SI033,Koroska
SI034,Savinjska
SI035,Zasavska
SI036,Posavska
SI037,Jugovzhodna Slovenija
SI038,Primorsko-notranjska
SI04,Zahodna Slovenija
SI041,Osrednjeslovenska
SI042,Gorenjska
SI043,Goriska
SI044,Obalno-kraska
SK,SLOVENSKO
SK0,SLOVENSKO
SK01,Bratislavsky kraj
SK010,Bratislavsky kraj
SK02,Zapadne Slovensko
SK021,Trnavsky kraj
SK022,Trenciansky kraj
SK023,Nitriansky kraj
SK03,Stredne Slovensko
SK031,Zilinsky kraj
SK032,Banskobystricky kraj
SK04,Vychodne Slovensko
SK041,Presovsky kraj
SK042,Kosicky kraj
TR,TURKIYE
TR1,ISTANBUL
TR10,Istanbul
TR100,Istanbul
TR2,BATI MARMARA
TR21,"Tekirdag, Edirne, Kirklareli"
TR211,Tekirdag
TR212,Edirne
TR213,Kirklareli
TR22,"Balikesir, Canakkale"
TR221,Balikesir
TR222,Canakkale
TR3,EGE
TR31,Izmir
TR310,Izmir
TR32,"Aydin, Denizli, Mugla"
TR321,Aydin
TR322,Denizli
TR323,Mugla
TR33,"Manisa, Afyonkarahisar, Kutahya, Usak"
TR331,Manisa
TR332,Afyon
TR333,Kutahya
TR334,Usak
TR4,DOGU MARMARA
TR41,"Bursa, Eskisehir, Bilecik"
TR411,Bursa
TR412,Eskisehir
TR413,Bilecik
TR42,"Kocaeli, Sakarya, Duzce, Bolu, Yalova"
TR421,Kocaeli
TR422,Sakarya
TR423,Duzce
TR424,Bolu
TR425,Yalova
TR5,BATI ANADOLU
TR51,Ankara
TR510,Ankara
TR52,"Konya, Karaman"
TR521,Konya
TR522,Karaman
TR6,AKDENIZ
TR61,"Antalya, Isparta, Burdur"
TR611,Antalya
TR612,Isparta
TR613,Burdur
TR62,"Adana, Mersin"
TR621,Adana
TR622,Icel
TR63,"Hatay, Kahramanmaras, Osmaniye"
TR631,Hatay
TR632,Kahramanmaras
TR633,Osmaniye
TR7,ORTA ANADOLU
TR71,"Kirikkale, Aksaray, Nigde, Nevsehir, Kirsehir"
TR711,Kirikkale
TR712,Aksaray
TR713,Nigde
TR714,Nevsehir
TR715,Kirsehir
TR72,"Kayseri, Sivas, Yozgat"
TR721,Kayseri
TR722,Sivas
TR723,Yozgat
TR8,BATI KARADENIZ
TR81,"Zonguldak, Karabuk, Bartin"
TR811,Zonguldak
TR812,Karabuk
TR813,Bartin
TR82,"Kastamonu, Cankiri, Sinop"
TR821,Kastamonu
TR822,Cankiri
TR823,Sinop
TR83,"Samsun, Tokat, Corum, Amasya"
TR831,Samsun
TR832,Tokat
TR833,Corum
TR834,Amasya
TR9,DOGU KARADENIZ
TR90,Trabzon
TR901,Trabzon
TR902,Ordu
TR903,Giresun
TR904,Rize
TR905,Artvin
TR906,Gumushane
TRA,KUZEYDOGU ANADOLU
TRA1,"Erzurum, Erzincan, Bayburt"
TRA11,Erzurum
TRA12,Erzincan
TRA13,Bayburt
TRA2,"Agri, Kars, Igdir, Ardahan"
TRA21,Agri
TRA22,Kars
TRA23,Igdir
TRA24,Ardahan
TRB,ORTADOGU ANADOLU
TRB1,"Malatya, Elazig, Bingol, Tunceli"
TRB11,Malatya
TRB12,Elazig
TRB13,Bingol
TRB14,Tunceli
TRB2,"Van, Mus, Bitlis, Hakkari"
TRB21,Van
TRB22,Mus
TRB23,Bitlis
TRB24,Hakkari
TRC,GUNEYDOGU ANADOLU
TRC1,"Gaziantep, Adiyaman, Kilis"
TRC11,Gaziantep
TRC12,Adiyaman
TRC13,Kilis
TRC2,"Sanliurfa, Diyarbakir"
TRC21,Sanliurfa
TRC22,Diyarbakir
TRC3,"Mardin, Batman, Sirnak, Siirt"
TRC31,Mardin
TRC32,Batman
TRC33,Sirnak
TRC34,Siirt
UK,UNITED KINGDOM
UKC,NORTH EAST (ENGLAND)
UKC1,Tees Valley and Durham
UKC11,Hartlepool and Stockton-On-Tees
UKC12,South Teesside
UKC13,Darlington
UKC14,Durham CC
UKC2,Northumberland and Tyne And Wear
UKC21,Northumberland
UKC22,Tyneside
UKC23,Sunderland
UKD,NORTH WEST (ENGLAND)
UKD1,Cumbria
UKD11,West Cumbria
UKD12,East Cumbria
UKD3,Greater Manchester
UKD33,Manchester
UKD34,Greater Manchester South West
UKD35,Greater Manchester South East
UKD36,Greater Manchester North West
UKD37,Greater Manchester North East
UKD4,Lancashire
UKD41,Blackburn with Darwen
UKD42,Blackpool
UKD44,Lancaster & Wyre
UKD45,Mid Lancashire
UKD46,East Lancashire
UKD47,Chorley & West Lancashire
UKD6,Cheshire
UKD61,Warrington
UKD62,Cheshire East
UKD63,Cheshire West and Chester
UKD7,Merseyside
UKD71,East Merseyside
UKD72,Liverpool
UKD73,Sefton
UKD74,Wirral
UKE,YORKSHIRE AND THE HUMBER
UKE1,East Yorkshire and Northern Lincolnshire
UKE11,"Kingston Upon Hull, City Of"
UKE12,East Riding of Yorkshire
UKE13,North and North East Lincolnshire
UKE2,North Yorkshire
UKE21,York
UKE22,North Yorkshire CC
UKE3,South Yorkshire
UKE31,"Barnsley, Doncaster and Rotherham"
UKE32,Sheffield
UKE4,West Yorkshire
UKE41,Bradford
UKE42,Leeds
UKE44,Calderdale and Kirklees
UKE45,Wakefield
UKF,EAST MIDLANDS (ENGLAND)
UKF1,Derbyshire and Nottinghamshire
UKF11,Derby
UKF12,East Derbyshire
UKF13,South and West Derbyshire
UKF14,Nottingham
UKF15,North Nottinghamshire
UKF16,South Nottinghamshire
UKF2,"Leicestershire, Rutland and Northamptonshire"
UKF21,Leicester
UKF22,Leicestershire CC and Rutland
UKF24,West Northamptonshire
UKF25,North Northamptonshire
UKF3,Lincolnshire
UKF30,Lincolnshire
UKG,WEST MIDLANDS (ENGLAND)
UKG1,"Herefordshire, Worcestershire and Warwickshire"
UKG11,"Herefordshire, County Of"
UKG12,Worcestershire
UKG13,Warwickshire
UKG2,Shropshire and Staffordshire
UKG21,Telford and Wrekin
UKG22,Shropshire CC
UKG23,Stoke-on-Trent
UKG24,Staffordshire CC
UKG3,West Midlands
UKG31,Birmingham
UKG32,Solihull
UKG33,Coventry
UKG36,Dudley
UKG37,Sandwell
UKG38,Walsall
UKG39,Wolverhampton
UKH,EAST OF ENGLAND
UKH1,East Anglia
UKH11,Peterborough
UKH12,Cambridgeshire CC
UKH14,Suffolk
UKH15,Norwich & East Norfolk
UKH16,North�& West Norfolk
UKH17,Breckland & South Norfolk
UKH2,Bedfordshire and Hertfordshire
UKH21,Luton
UKH23,Hertfordshire
UKH24,Bedford
UKH25,Central Bedfordshire
UKH3,Essex
UKH31,Southend-On-Sea
UKH32,Thurrock
UKH34,Essex Haven Gateway
UKH35,West Essex
UKH36,Heart of Essex
UKH37,Essex Thames Gateway
UKI,LONDON
UKI3,Inner London - West
UKI31,Camden & City of London
UKI32,Westminster
UKI33,Kensington and Chelsea & Hammersmith and Fulham
UKI34,Wandsworth
UKI4,Inner London - East
UKI41,Hackney & Newham
UKI42,Tower Hamlets
UKI43,Haringey & Islington
UKI44,Lewisham & Southwark
UKI45,Lambeth
UKI5,Outer London - East and North East
UKI51,Bexley & Greenwich
UKI52,Barking and Dagenham & Havering
UKI53,Redbridge & Waltham Forest
UKI54,Enfield
UKI6,Outer London - South
UKI61,Bromley
UKI62,Croydon
UKI63,"Merton, Kingston Upon Thames & Sutton"
UKI7,Outer London - West and North West
UKI71,Barnet
UKI72,Brent
UKI73,Ealing
UKI74,Harrow & Hillingdon
UKI75,Hounslow & Richmond Upon Thames
UKJ,SOUTH EAST (ENGLAND)
UKJ1,"Berkshire, Buckinghamshire and Oxfordshire"
UKJ11,Berkshire
UKJ12,Milton Keynes
UKJ13,Buckinghamshire CC
UKJ14,Oxfordshire
UKJ2,"Surrey, East and West Sussex"
UKJ21,Brighton and Hove
UKJ22,East Sussex CC
UKJ25,West Surrey
UKJ26,East Surrey
UKJ27,West Sussex (South West)
UKJ28,West Sussex (North East)
UKJ3,Hampshire and Isle of Wight
UKJ31,Portsmouth
UKJ32,Southampton
UKJ34,Isle of Wight
UKJ35,South Hampshire
UKJ36,Central Hampshire
UKJ37,North Hampshire
UKJ4,Kent
UKJ41,Medway
UKJ43,Kent Thames Gateway
UKJ44,East Kent
UKJ45,Mid Kent
UKJ46,West Kent
UKK,SOUTH WEST (ENGLAND)
UKK1,"Gloucestershire, Wiltshire and Bristol/Bath Area"
UKK11,"Bristol, City Of"
UKK12,"Bath and North East Somerset, North Somerset and South Gloucestershire"
UKK13,Gloucestershire
UKK14,Swindon
UKK15,Wiltshire CC
UKK2,Dorset and Somerset
UKK21,Bournemouth and Poole
UKK22,Dorset CC
UKK23,Somerset
UKK3,Cornwall and Isles of Scilly
UKK30,Cornwall and Isles of Scilly
UKK4,Devon
UKK41,Plymouth
UKK42,Torbay
UKK43,Devon CC
UKL,Wales
UKL1,West Wales and the Valleys
UKL11,Isle of Anglesey
UKL12,Gwynedd
UKL13,Conwy and Denbighshire
UKL14,South West Wales
UKL15,Central Valleys
UKL16,Gwent Valleys
UKL17,Bridgend and Neath Port Talbot
UKL18,Swansea
UKL2,East Wales
UKL21,Monmouthshire and Newport
UKL22,Cardiff and Vale of Glamorgan
UKL23,Flintshire and Wrexham
UKL24,Powys
UKM,SCOTLAND
UKM2,Eastern Scotland
UKM21,Angus and Dundee City
UKM22,Clackmannanshire and Fife
UKM23,East Lothian and Midlothian
UKM24,Scottish Borders
UKM25,"Edinburgh, City Of"
UKM26,Falkirk
UKM27,Perth & Kinross and Stirling
UKM28,West Lothian
UKM3,South Western Scotland
UKM31,"East Dunbartonshire, West Dunbartonshire and Helensburgh & Lomond"
UKM32,Dumfries & Galloway
UKM33,East Ayrshire and North Ayrshire Mainland
UKM34,Glasgow City
UKM35,"Inverclyde, East Renfrewshire and Renfrewshire"
UKM36,North Lanarkshire
UKM37,South Ayrshire
UKM38,South Lanarkshire
UKM5,North Eastern Scotland
UKM50,Aberdeen City and Aberdeenshire
UKM6,Highlands and Islands
UKM61,Caithness & Sutherland and Ross & Cromarty
UKM62,"Inverness & Nairn and Moray, Badenoch & Strathspey"
UKM63,"Lochaber, Skye & Lochalsh, Arran & Cumbrae and Argyll & Bute"
UKM64,Eilean Siar (Western Isles)
UKM65,Orkney Islands
UKM66,Shetland Islands
UKN,NORTHERN IRELAND
UKN0,Northern Ireland
UKN01,Belfast
UKN02,Outer Belfast
UKN03,East of Northern Ireland
UKN04,North of Northern Ireland
UKN05,West and South of Northern Ireland
